1,3 M,D-3_M_LAS,https://www.druckerzubehoer.de/shop/subcategory/vcatid/DV-TinteToner/catid/D-3_M_LAS/lng/de_DE/site/1/lng/de_DE
2,A.B. Dick,D-A_B__DICK_KOP,https://www.druckerzubehoer.de/shop/subcategory/vcatid/DV-TinteToner/catid/D-A_B__DICK_KOP/lng/de_DE/site/1/lng/de_DE
3,ABC,D-ABC_LAS,https://www.druckerzubehoer.de/shop/subcategory/vcatid/DV-TinteToner/catid/D-ABC_LAS/lng/de_DE/site/1/lng/de_DE
4,Accufast,D-Accufast,https://www.druckerzubehoer.de/shop/subcategory/vcatid/DV-TinteToner/catid/D-Accufast/lng/de_DE/site/1/lng/de_DE
5,Acer,D-ACER_LAS,https://www.druckerzubehoer.de/shop/subcategory/vcatid/DV-TinteToner/catid/D-ACER_LAS/lng/de_DE/site/1/lng/de_DE
6,Acom,D-ACOM_LAS,https://www.druckerzubehoer.de/shop/subcategory/vcatid/DV-TinteToner/catid/D-ACOM_LAS/lng/de_DE/site/1/lng/de_DE
7,Acorn,D-ACORN_LAS,https://www.druckerzubehoer.de/shop/subcategory/vcatid/DV-TinteToner/catid/D-ACORN_LAS/lng/de_DE/site/1/lng/de_DE
8,Address-Express,D-Address-Express,https://www.druckerzubehoer.de/shop/subcategory/vcatid/DV-TinteToner/catid/D-Address-Express/lng/de_DE/site/1/lng/de_DE
9,Adler-Royal,D-ADLER-ROYAL_LAS,https://www.druckerzubehoer.de/shop/subcategory/vcatid/DV-TinteToner/catid/D-ADLER-ROYAL_LAS/lng/de_DE/site/1/lng/de_DE
10,Advanced,D-ADVANCED_LAS,https://www.druckerzubehoer.de/shop/subcategory/vcatid/DV-TinteToner/catid/D-ADVANCED_LAS/lng/de_DE/site/1/lng/de_DE
11,Advanced Comp Tech,D-ADVANCED_COMP_TECH_LAS,https://www.druckerzubehoer.de/shop/subcategory/vcatid/DV-TinteToner/catid/D-ADVANCED_COMP_TECH_LAS/lng/de_DE/site/1/lng/de_DE
12,Advanced Matrix Tech,D-ADVANCED_MATRIX_TECH_LAS,https://www.druckerzubehoer.de/shop/subcategory/vcatid/DV-TinteToner/catid/D-ADVANCED_MATRIX_TECH_LAS/lng/de_DE/site/1/lng/de_DE
13,Advent,D-Advent,https://www.druckerzubehoer.de/shop/subcategory/vcatid/DV-TinteToner/catid/D-Advent/lng/de_DE/site/1/lng/de_DE
14,AEG,D-AEG_KOP,https://www.druckerzubehoer.de/shop/subcategory/vcatid/DV-TinteToner/catid/D-AEG_KOP/lng/de_DE/site/1/lng/de_DE
15,AES Data,D-AES_DATA_LAS,https://www.druckerzubehoer.de/shop/subcategory/vcatid/DV-TinteToner/catid/D-AES_DATA_LAS/lng/de_DE/site/1/lng/de_DE
16,Agfa,D-Agfa,https://www.druckerzubehoer.de/shop/subcategory/vcatid/DV-TinteToner/catid/D-Agfa/lng/de_DE/site/1/lng/de_DE
17,Aitell,D-Aitell,https://www.druckerzubehoer.de/shop/subcategory/vcatid/DV-TinteToner/catid/D-Aitell/lng/de_DE/site/1/lng/de_DE
18,Alcatel,D-Alcatel,https://www.druckerzubehoer.de/shop/subcategory/vcatid/DV-TinteToner/catid/D-Alcatel/lng/de_DE/site/1/lng/de_DE
19,Alcatel SEL,D-ALCATEL_SEL_LAS,https://www.druckerzubehoer.de/shop/subcategory/vcatid/DV-TinteToner/catid/D-ALCATEL_SEL_LAS/lng/de_DE/site/1/lng/de_DE
20,Allied Comp Systems,D-ALLIED_COMP_SYSTEMS_LAS,https://www.druckerzubehoer.de/shop/subcategory/vcatid/DV-TinteToner/catid/D-ALLIED_COMP_SYSTEMS_LAS/lng/de_DE/site/1/lng/de_DE
21,Allied Linotype,D-ALLIED_LINOTYPE_LAS,https://www.druckerzubehoer.de/shop/subcategory/vcatid/DV-TinteToner/catid/D-ALLIED_LINOTYPE_LAS/lng/de_DE/site/1/lng/de_DE
22,Alpha,D-Alpha,https://www.druckerzubehoer.de/shop/subcategory/vcatid/DV-TinteToner/catid/D-Alpha/lng/de_DE/site/1/lng/de_DE
23,Alphatext,D-ALPHATEXT_LAS,https://www.druckerzubehoer.de/shop/subcategory/vcatid/DV-TinteToner/catid/D-ALPHATEXT_LAS/lng/de_DE/site/1/lng/de_DE
24,Alps,D-ALPS_LAS,https://www.druckerzubehoer.de/shop/subcategory/vcatid/DV-TinteToner/catid/D-ALPS_LAS/lng/de_DE/site/1/lng/de_DE
25,Altos,D-ALTOS_LAS,https://www.druckerzubehoer.de/shop/subcategory/vcatid/DV-TinteToner/catid/D-ALTOS_LAS/lng/de_DE/site/1/lng/de_DE
26,Alwright-Data,D-Alwright-Data,https://www.druckerzubehoer.de/shop/subcategory/vcatid/DV-TinteToner/catid/D-Alwright-Data/lng/de_DE/site/1/lng/de_DE
27,AM,D-AM_LAS,https://www.druckerzubehoer.de/shop/subcategory/vcatid/DV-TinteToner/catid/D-AM_LAS/lng/de_DE/site/1/lng/de_DE
28,American Printing Tech,D-AMERICAN_PRINTING_TECH_LAS,https://www.druckerzubehoer.de/shop/subcategory/vcatid/DV-TinteToner/catid/D-AMERICAN_PRINTING_TECH_LAS/lng/de_DE/site/1/lng/de_DE
29,Ampak,D-AMPAK_LAS,https://www.druckerzubehoer.de/shop/subcategory/vcatid/DV-TinteToner/catid/D-AMPAK_LAS/lng/de_DE/site/1/lng/de_DE
30,AMS,D-AMS,https://www.druckerzubehoer.de/shop/subcategory/vcatid/DV-TinteToner/catid/D-AMS/lng/de_DE/site/1/lng/de_DE
31,Amstrad,D-Amstrad,https://www.druckerzubehoer.de/shop/subcategory/vcatid/DV-TinteToner/catid/D-Amstrad/lng/de_DE/site/1/lng/de_DE
32,Analog Tech Corp,D-ANALOG_TECH_CORP_LAS,https://www.druckerzubehoer.de/shop/subcategory/vcatid/DV-TinteToner/catid/D-ANALOG_TECH_CORP_LAS/lng/de_DE/site/1/lng/de_DE
33,Anitech,D-Anitech,https://www.druckerzubehoer.de/shop/subcategory/vcatid/DV-TinteToner/catid/D-Anitech/lng/de_DE/site/1/lng/de_DE
34,Anzac,D-ANZAC_LAS,https://www.druckerzubehoer.de/shop/subcategory/vcatid/DV-TinteToner/catid/D-ANZAC_LAS/lng/de_DE/site/1/lng/de_DE
35,Apollo,D-Apollo,https://www.druckerzubehoer.de/shop/subcategory/vcatid/DV-TinteToner/catid/D-Apollo/lng/de_DE/site/1/lng/de_DE
36,Apple,D-Apple,https://www.druckerzubehoer.de/shop/subcategory/vcatid/DV-TinteToner/catid/D-Apple/lng/de_DE/site/1/lng/de_DE
37,Applied Comp Systems,D-APPLIED_COMP_SYSTEMS_LAS,https://www.druckerzubehoer.de/shop/subcategory/vcatid/DV-TinteToner/catid/D-APPLIED_COMP_SYSTEMS_LAS/lng/de_DE/site/1/lng/de_DE
38,Ascom,D-Ascom,https://www.druckerzubehoer.de/shop/subcategory/vcatid/DV-TinteToner/catid/D-Ascom/lng/de_DE/site/1/lng/de_DE
39,AT &amp T,D-AT___T_LAS,https://www.druckerzubehoer.de/shop/subcategory/vcatid/DV-TinteToner/catid/D-AT___T_LAS/lng/de_DE/site/1/lng/de_DE
40,ATI,D-ATI,https://www.druckerzubehoer.de/shop/subcategory/vcatid/DV-TinteToner/catid/D-ATI/lng/de_DE/site/1/lng/de_DE
41,Atos,D-ATOS_LAS,https://www.druckerzubehoer.de/shop/subcategory/vcatid/DV-TinteToner/catid/D-ATOS_LAS/lng/de_DE/site/1/lng/de_DE
42,Autographix,D-AUTOGRAPHIX_LAS,https://www.druckerzubehoer.de/shop/subcategory/vcatid/DV-TinteToner/catid/D-AUTOGRAPHIX_LAS/lng/de_DE/site/1/lng/de_DE
43,Autologic,D-AUTOLOGIC_LAS,https://www.druckerzubehoer.de/shop/subcategory/vcatid/DV-TinteToner/catid/D-AUTOLOGIC_LAS/lng/de_DE/site/1/lng/de_DE
44,Avaya,D-AVAYA_LAS,https://www.druckerzubehoer.de/shop/subcategory/vcatid/DV-TinteToner/catid/D-AVAYA_LAS/lng/de_DE/site/1/lng/de_DE
45,Aviv,D-Aviv,https://www.druckerzubehoer.de/shop/subcategory/vcatid/DV-TinteToner/catid/D-Aviv/lng/de_DE/site/1/lng/de_DE
46,Basic Four,D-BASIC_FOUR_LAS,https://www.druckerzubehoer.de/shop/subcategory/vcatid/DV-TinteToner/catid/D-BASIC_FOUR_LAS/lng/de_DE/site/1/lng/de_DE
47,BAX,D-BAX,https://www.druckerzubehoer.de/shop/subcategory/vcatid/DV-TinteToner/catid/D-BAX/lng/de_DE/site/1/lng/de_DE
48,BDS,D-BDS_LAS,https://www.druckerzubehoer.de/shop/subcategory/vcatid/DV-TinteToner/catid/D-BDS_LAS/lng/de_DE/site/1/lng/de_DE
49,BDT,D-BDT,https://www.druckerzubehoer.de/shop/subcategory/vcatid/DV-TinteToner/catid/D-BDT/lng/de_DE/site/1/lng/de_DE
50,Becks,D-BECKS_LAS,https://www.druckerzubehoer.de/shop/subcategory/vcatid/DV-TinteToner/catid/D-BECKS_LAS/lng/de_DE/site/1/lng/de_DE
51,Berthold,D-BERTHOLD_LAS,https://www.druckerzubehoer.de/shop/subcategory/vcatid/DV-TinteToner/catid/D-BERTHOLD_LAS/lng/de_DE/site/1/lng/de_DE
52,Bezier,D-BEZIER_LAS,https://www.druckerzubehoer.de/shop/subcategory/vcatid/DV-TinteToner/catid/D-BEZIER_LAS/lng/de_DE/site/1/lng/de_DE
53,BGL,D-BGL_LAS,https://www.druckerzubehoer.de/shop/subcategory/vcatid/DV-TinteToner/catid/D-BGL_LAS/lng/de_DE/site/1/lng/de_DE
54,Binder,D-BINDER_LAS,https://www.druckerzubehoer.de/shop/subcategory/vcatid/DV-TinteToner/catid/D-BINDER_LAS/lng/de_DE/site/1/lng/de_DE
55,Birmy Graphics,D-BIRMY_GRAPHICS_LAS,https://www.druckerzubehoer.de/shop/subcategory/vcatid/DV-TinteToner/catid/D-BIRMY_GRAPHICS_LAS/lng/de_DE/site/1/lng/de_DE
56,Blaser,D-BLASER_LAS,https://www.druckerzubehoer.de/shop/subcategory/vcatid/DV-TinteToner/catid/D-BLASER_LAS/lng/de_DE/site/1/lng/de_DE
57,Blue Chip,D-BLUE_CHIP_LAS,https://www.druckerzubehoer.de/shop/subcategory/vcatid/DV-TinteToner/catid/D-BLUE_CHIP_LAS/lng/de_DE/site/1/lng/de_DE
58,Boewe,D-BOEWE_LAS,https://www.druckerzubehoer.de/shop/subcategory/vcatid/DV-TinteToner/catid/D-BOEWE_LAS/lng/de_DE/site/1/lng/de_DE
59,Borsu,D-BORSU_LAS,https://www.druckerzubehoer.de/shop/subcategory/vcatid/DV-TinteToner/catid/D-BORSU_LAS/lng/de_DE/site/1/lng/de_DE
60,BOS,D-BOS,https://www.druckerzubehoer.de/shop/subcategory/vcatid/DV-TinteToner/catid/D-BOS/lng/de_DE/site/1/lng/de_DE
61,Bosch,D-Bosch,https://www.druckerzubehoer.de/shop/subcategory/vcatid/DV-TinteToner/catid/D-Bosch/lng/de_DE/site/1/lng/de_DE
62,British-Telecom,D-British-Telecom,https://www.druckerzubehoer.de/shop/subcategory/vcatid/DV-TinteToner/catid/D-British-Telecom/lng/de_DE/site/1/lng/de_DE
63,Brother,D-BROTHER_LAS,https://www.druckerzubehoer.de/shop/subcategory/vcatid/DV-TinteToner/catid/D-BROTHER_LAS/lng/de_DE/site/1/lng/de_DE
64,Bryce,D-Bryce,https://www.druckerzubehoer.de/shop/subcategory/vcatid/DV-TinteToner/catid/D-Bryce/lng/de_DE/site/1/lng/de_DE
65,Bull,D-BULL_LAS,https://www.druckerzubehoer.de/shop/subcategory/vcatid/DV-TinteToner/catid/D-BULL_LAS/lng/de_DE/site/1/lng/de_DE
66,Bull-Compuprint,D-Bull-Compuprint,https://www.druckerzubehoer.de/shop/subcategory/vcatid/DV-TinteToner/catid/D-Bull-Compuprint/lng/de_DE/site/1/lng/de_DE
67,Bunker-Ramo,D-Bunker-Ramo,https://www.druckerzubehoer.de/shop/subcategory/vcatid/DV-TinteToner/catid/D-Bunker-Ramo/lng/de_DE/site/1/lng/de_DE
68,Burroughs,D-BURROUGHS_LAS,https://www.druckerzubehoer.de/shop/subcategory/vcatid/DV-TinteToner/catid/D-BURROUGHS_LAS/lng/de_DE/site/1/lng/de_DE
69,BUS,D-BUS_LAS,https://www.druckerzubehoer.de/shop/subcategory/vcatid/DV-TinteToner/catid/D-BUS_LAS/lng/de_DE/site/1/lng/de_DE
70,Busimatic,D-BUSIMATIC_KOP,https://www.druckerzubehoer.de/shop/subcategory/vcatid/DV-TinteToner/catid/D-BUSIMATIC_KOP/lng/de_DE/site/1/lng/de_DE
71,Businessland,D-BUSINESSLAND_LAS,https://www.druckerzubehoer.de/shop/subcategory/vcatid/DV-TinteToner/catid/D-BUSINESSLAND_LAS/lng/de_DE/site/1/lng/de_DE
72,C-Tech,D-C-TECH_LAS,https://www.druckerzubehoer.de/shop/subcategory/vcatid/DV-TinteToner/catid/D-C-TECH_LAS/lng/de_DE/site/1/lng/de_DE
73,C.Itoh,D-C_ITOH_LAS,https://www.druckerzubehoer.de/shop/subcategory/vcatid/DV-TinteToner/catid/D-C_ITOH_LAS/lng/de_DE/site/1/lng/de_DE
74,Calcomp,D-Calcomp,https://www.druckerzubehoer.de/shop/subcategory/vcatid/DV-TinteToner/catid/D-Calcomp/lng/de_DE/site/1/lng/de_DE
75,Camex,D-CAMEX_LAS,https://www.druckerzubehoer.de/shop/subcategory/vcatid/DV-TinteToner/catid/D-CAMEX_LAS/lng/de_DE/site/1/lng/de_DE
76,Canon,D-Canon,https://www.druckerzubehoer.de/shop/subcategory/vcatid/DV-TinteToner/catid/D-Canon/lng/de_DE/site/1/lng/de_DE
77,Casio,D-CASIO_LAS,https://www.druckerzubehoer.de/shop/subcategory/vcatid/DV-TinteToner/catid/D-CASIO_LAS/lng/de_DE/site/1/lng/de_DE
78,CDS,D-CDS_LAS,https://www.druckerzubehoer.de/shop/subcategory/vcatid/DV-TinteToner/catid/D-CDS_LAS/lng/de_DE/site/1/lng/de_DE
79,Centronics,D-CENTRONICS_LAS,https://www.druckerzubehoer.de/shop/subcategory/vcatid/DV-TinteToner/catid/D-CENTRONICS_LAS/lng/de_DE/site/1/lng/de_DE
80,Cikam,D-Cikam,https://www.druckerzubehoer.de/shop/subcategory/vcatid/DV-TinteToner/catid/D-Cikam/lng/de_DE/site/1/lng/de_DE
81,Citizen,D-CITIZEN_LAS,https://www.druckerzubehoer.de/shop/subcategory/vcatid/DV-TinteToner/catid/D-CITIZEN_LAS/lng/de_DE/site/1/lng/de_DE
82,CLR,D-CLR_LAS,https://www.druckerzubehoer.de/shop/subcategory/vcatid/DV-TinteToner/catid/D-CLR_LAS/lng/de_DE/site/1/lng/de_DE
83,Commodore,D-COMMODORE_LAS,https://www.druckerzubehoer.de/shop/subcategory/vcatid/DV-TinteToner/catid/D-COMMODORE_LAS/lng/de_DE/site/1/lng/de_DE
84,Compagraphic,D-COMPAGRAPHIC_LAS,https://www.druckerzubehoer.de/shop/subcategory/vcatid/DV-TinteToner/catid/D-COMPAGRAPHIC_LAS/lng/de_DE/site/1/lng/de_DE
85,Compaq,D-COMPAQ_LAS,https://www.druckerzubehoer.de/shop/subcategory/vcatid/DV-TinteToner/catid/D-COMPAQ_LAS/lng/de_DE/site/1/lng/de_DE
86,Compugraphic,D-COMPUGRAPHIC_LAS,https://www.druckerzubehoer.de/shop/subcategory/vcatid/DV-TinteToner/catid/D-COMPUGRAPHIC_LAS/lng/de_DE/site/1/lng/de_DE
87,Compuprint,D-Compuprint,https://www.druckerzubehoer.de/shop/subcategory/vcatid/DV-TinteToner/catid/D-Compuprint/lng/de_DE/site/1/lng/de_DE
88,Computer Language,D-COMPUTER_LANGUAGE_LAS,https://www.druckerzubehoer.de/shop/subcategory/vcatid/DV-TinteToner/catid/D-COMPUTER_LANGUAGE_LAS/lng/de_DE/site/1/lng/de_DE
89,Computer-Machinery,D-Computer-Machinery,https://www.druckerzubehoer.de/shop/subcategory/vcatid/DV-TinteToner/catid/D-Computer-Machinery/lng/de_DE/site/1/lng/de_DE
90,Comterm,D-Comterm,https://www.druckerzubehoer.de/shop/subcategory/vcatid/DV-TinteToner/catid/D-Comterm/lng/de_DE/site/1/lng/de_DE
91,Comtex,D-Comtex,https://www.druckerzubehoer.de/shop/subcategory/vcatid/DV-TinteToner/catid/D-Comtex/lng/de_DE/site/1/lng/de_DE
92,Concept Tech,D-CONCEPT_TECH_LAS,https://www.druckerzubehoer.de/shop/subcategory/vcatid/DV-TinteToner/catid/D-CONCEPT_TECH_LAS/lng/de_DE/site/1/lng/de_DE
93,Concorde,D-CONCORDE_LAS,https://www.druckerzubehoer.de/shop/subcategory/vcatid/DV-TinteToner/catid/D-CONCORDE_LAS/lng/de_DE/site/1/lng/de_DE
94,Cono,D-CONO_LAS,https://www.druckerzubehoer.de/shop/subcategory/vcatid/DV-TinteToner/catid/D-CONO_LAS/lng/de_DE/site/1/lng/de_DE
95,Contraves,D-Contraves,https://www.druckerzubehoer.de/shop/subcategory/vcatid/DV-TinteToner/catid/D-Contraves/lng/de_DE/site/1/lng/de_DE
96,Copystar,D-COPYSTAR_KOP,https://www.druckerzubehoer.de/shop/subcategory/vcatid/DV-TinteToner/catid/D-COPYSTAR_KOP/lng/de_DE/site/1/lng/de_DE
97,Copystat,D-COPYSTAT_KOP,https://www.druckerzubehoer.de/shop/subcategory/vcatid/DV-TinteToner/catid/D-COPYSTAT_KOP/lng/de_DE/site/1/lng/de_DE
98,Copytrax,D-Copytrax,https://www.druckerzubehoer.de/shop/subcategory/vcatid/DV-TinteToner/catid/D-Copytrax/lng/de_DE/site/1/lng/de_DE
99,Cordata,D-CORDATA_LAS,https://www.druckerzubehoer.de/shop/subcategory/vcatid/DV-TinteToner/catid/D-CORDATA_LAS/lng/de_DE/site/1/lng/de_DE
100,Corporate Data Sciences,D-CORPORATE_DATA_SCIENCES_LAS,https://www.druckerzubehoer.de/shop/subcategory/vcatid/DV-TinteToner/catid/D-CORPORATE_DATA_SCIENCES_LAS/lng/de_DE/site/1/lng/de_DE
101,Correlative SYS,D-CORRELATIVE_SYS_LAS,https://www.druckerzubehoer.de/shop/subcategory/vcatid/DV-TinteToner/catid/D-CORRELATIVE_SYS_LAS/lng/de_DE/site/1/lng/de_DE
102,Costar,D-Costar,https://www.druckerzubehoer.de/shop/subcategory/vcatid/DV-TinteToner/catid/D-Costar/lng/de_DE/site/1/lng/de_DE
103,COT,D-COT_LAS,https://www.druckerzubehoer.de/shop/subcategory/vcatid/DV-TinteToner/catid/D-COT_LAS/lng/de_DE/site/1/lng/de_DE
104,Courier,D-Courier,https://www.druckerzubehoer.de/shop/subcategory/vcatid/DV-TinteToner/catid/D-Courier/lng/de_DE/site/1/lng/de_DE
105,CPF,D-CPF_KOP,https://www.druckerzubehoer.de/shop/subcategory/vcatid/DV-TinteToner/catid/D-CPF_KOP/lng/de_DE/site/1/lng/de_DE
106,CPT,D-CPT_KOP,https://www.druckerzubehoer.de/shop/subcategory/vcatid/DV-TinteToner/catid/D-CPT_KOP/lng/de_DE/site/1/lng/de_DE
107,CSC,D-CSC_LAS,https://www.druckerzubehoer.de/shop/subcategory/vcatid/DV-TinteToner/catid/D-CSC_LAS/lng/de_DE/site/1/lng/de_DE
108,CTI,D-CTI_LAS,https://www.druckerzubehoer.de/shop/subcategory/vcatid/DV-TinteToner/catid/D-CTI_LAS/lng/de_DE/site/1/lng/de_DE
109,Cycomm,D-CYCOMM_LAS,https://www.druckerzubehoer.de/shop/subcategory/vcatid/DV-TinteToner/catid/D-CYCOMM_LAS/lng/de_DE/site/1/lng/de_DE
110,Daewoo,D-Daewoo,https://www.druckerzubehoer.de/shop/subcategory/vcatid/DV-TinteToner/catid/D-Daewoo/lng/de_DE/site/1/lng/de_DE
111,Daisy-Systems,D-Daisy-Systems,https://www.druckerzubehoer.de/shop/subcategory/vcatid/DV-TinteToner/catid/D-Daisy-Systems/lng/de_DE/site/1/lng/de_DE
112,Danka,D-DANKA_KOP,https://www.druckerzubehoer.de/shop/subcategory/vcatid/DV-TinteToner/catid/D-DANKA_KOP/lng/de_DE/site/1/lng/de_DE
113,Data,D-Data,https://www.druckerzubehoer.de/shop/subcategory/vcatid/DV-TinteToner/catid/D-Data/lng/de_DE/site/1/lng/de_DE
114,Data General,D-DATA_GENERAL_LAS,https://www.druckerzubehoer.de/shop/subcategory/vcatid/DV-TinteToner/catid/D-DATA_GENERAL_LAS/lng/de_DE/site/1/lng/de_DE
115,Data Logics,D-DATA_LOGICS_LAS,https://www.druckerzubehoer.de/shop/subcategory/vcatid/DV-TinteToner/catid/D-DATA_LOGICS_LAS/lng/de_DE/site/1/lng/de_DE
116,Data Scribe,D-DATA_SCRIBE_LAS,https://www.druckerzubehoer.de/shop/subcategory/vcatid/DV-TinteToner/catid/D-DATA_SCRIBE_LAS/lng/de_DE/site/1/lng/de_DE
117,Data-Devices,D-Data-Devices,https://www.druckerzubehoer.de/shop/subcategory/vcatid/DV-TinteToner/catid/D-Data-Devices/lng/de_DE/site/1/lng/de_DE
118,Data-General,D-Data-General,https://www.druckerzubehoer.de/shop/subcategory/vcatid/DV-TinteToner/catid/D-Data-General/lng/de_DE/site/1/lng/de_DE
119,Data-Techn-Corp,D-Data-Techn-Corp,https://www.druckerzubehoer.de/shop/subcategory/vcatid/DV-TinteToner/catid/D-Data-Techn-Corp/lng/de_DE/site/1/lng/de_DE
120,Datacopy,D-DATACOPY_LAS,https://www.druckerzubehoer.de/shop/subcategory/vcatid/DV-TinteToner/catid/D-DATACOPY_LAS/lng/de_DE/site/1/lng/de_DE
121,Datagraph,D-Datagraph,https://www.druckerzubehoer.de/shop/subcategory/vcatid/DV-TinteToner/catid/D-Datagraph/lng/de_DE/site/1/lng/de_DE
122,Datamega,D-Datamega,https://www.druckerzubehoer.de/shop/subcategory/vcatid/DV-TinteToner/catid/D-Datamega/lng/de_DE/site/1/lng/de_DE
123,Datapoint,D-DATAPOINT_LAS,https://www.druckerzubehoer.de/shop/subcategory/vcatid/DV-TinteToner/catid/D-DATAPOINT_LAS/lng/de_DE/site/1/lng/de_DE
124,Dataproducts,D-DATAPRODUCTS_LAS,https://www.druckerzubehoer.de/shop/subcategory/vcatid/DV-TinteToner/catid/D-DATAPRODUCTS_LAS/lng/de_DE/site/1/lng/de_DE
125,Datasec-Corporation,D-Datasec-Corporation,https://www.druckerzubehoer.de/shop/subcategory/vcatid/DV-TinteToner/catid/D-Datasec-Corporation/lng/de_DE/site/1/lng/de_DE
126,Datasouth,D-DATASOUTH_LAS,https://www.druckerzubehoer.de/shop/subcategory/vcatid/DV-TinteToner/catid/D-DATASOUTH_LAS/lng/de_DE/site/1/lng/de_DE
127,Datatech,D-Datatech,https://www.druckerzubehoer.de/shop/subcategory/vcatid/DV-TinteToner/catid/D-Datatech/lng/de_DE/site/1/lng/de_DE
128,Datatrade,D-DATATRADE_LAS,https://www.druckerzubehoer.de/shop/subcategory/vcatid/DV-TinteToner/catid/D-DATATRADE_LAS/lng/de_DE/site/1/lng/de_DE
129,DBE,D-DBE_LAS,https://www.druckerzubehoer.de/shop/subcategory/vcatid/DV-TinteToner/catid/D-DBE_LAS/lng/de_DE/site/1/lng/de_DE
130,Debs,D-DEBS_KOP,https://www.druckerzubehoer.de/shop/subcategory/vcatid/DV-TinteToner/catid/D-DEBS_KOP/lng/de_DE/site/1/lng/de_DE
131,Decision Data,D-DECISION_DATA_LAS,https://www.druckerzubehoer.de/shop/subcategory/vcatid/DV-TinteToner/catid/D-DECISION_DATA_LAS/lng/de_DE/site/1/lng/de_DE
132,Decision Systems,D-DECISION_SYSTEMS_LAS,https://www.druckerzubehoer.de/shop/subcategory/vcatid/DV-TinteToner/catid/D-DECISION_SYSTEMS_LAS/lng/de_DE/site/1/lng/de_DE
133,Deko,D-Deko,https://www.druckerzubehoer.de/shop/subcategory/vcatid/DV-TinteToner/catid/D-Deko/lng/de_DE/site/1/lng/de_DE
134,DEL MAR,D-DEL_MAR_LAS,https://www.druckerzubehoer.de/shop/subcategory/vcatid/DV-TinteToner/catid/D-DEL_MAR_LAS/lng/de_DE/site/1/lng/de_DE
135,Dell,D-Dell,https://www.druckerzubehoer.de/shop/subcategory/vcatid/DV-TinteToner/catid/D-Dell/lng/de_DE/site/1/lng/de_DE
136,Demonics,D-DEMONICS_LAS,https://www.druckerzubehoer.de/shop/subcategory/vcatid/DV-TinteToner/catid/D-DEMONICS_LAS/lng/de_DE/site/1/lng/de_DE
137,Dena,D-DENA_LAS,https://www.druckerzubehoer.de/shop/subcategory/vcatid/DV-TinteToner/catid/D-DENA_LAS/lng/de_DE/site/1/lng/de_DE
138,Derex,D-DEREX_LAS,https://www.druckerzubehoer.de/shop/subcategory/vcatid/DV-TinteToner/catid/D-DEREX_LAS/lng/de_DE/site/1/lng/de_DE
139,Detewe,D-DETEWE_LAS,https://www.druckerzubehoer.de/shop/subcategory/vcatid/DV-TinteToner/catid/D-DETEWE_LAS/lng/de_DE/site/1/lng/de_DE
140,Develop,D-DEVELOP_KOP,https://www.druckerzubehoer.de/shop/subcategory/vcatid/DV-TinteToner/catid/D-DEVELOP_KOP/lng/de_DE/site/1/lng/de_DE
141,DEX BUS Systems,D-DEX_BUS_SYSTEMS_LAS,https://www.druckerzubehoer.de/shop/subcategory/vcatid/DV-TinteToner/catid/D-DEX_BUS_SYSTEMS_LAS/lng/de_DE/site/1/lng/de_DE
142,DEX-BUS-Systems,D-DEX-BUS-Systems,https://www.druckerzubehoer.de/shop/subcategory/vcatid/DV-TinteToner/catid/D-DEX-BUS-Systems/lng/de_DE/site/1/lng/de_DE
143,Diablo,D-Diablo,https://www.druckerzubehoer.de/shop/subcategory/vcatid/DV-TinteToner/catid/D-Diablo/lng/de_DE/site/1/lng/de_DE
144,Diazit,D-DIAZIT_KOP,https://www.druckerzubehoer.de/shop/subcategory/vcatid/DV-TinteToner/catid/D-DIAZIT_KOP/lng/de_DE/site/1/lng/de_DE
145,Dietzgen,D-DIETZGEN_KOP,https://www.druckerzubehoer.de/shop/subcategory/vcatid/DV-TinteToner/catid/D-DIETZGEN_KOP/lng/de_DE/site/1/lng/de_DE
146,Digital Design,D-DIGITAL_DESIGN_LAS,https://www.druckerzubehoer.de/shop/subcategory/vcatid/DV-TinteToner/catid/D-DIGITAL_DESIGN_LAS/lng/de_DE/site/1/lng/de_DE
147,Digital Equipment Corp,D-DIGITAL_EQUIPMENT_CORP_LAS,https://www.druckerzubehoer.de/shop/subcategory/vcatid/DV-TinteToner/catid/D-DIGITAL_EQUIPMENT_CORP_LAS/lng/de_DE/site/1/lng/de_DE
148,Digital-Check,D-Digital-Check,https://www.druckerzubehoer.de/shop/subcategory/vcatid/DV-TinteToner/catid/D-Digital-Check/lng/de_DE/site/1/lng/de_DE
149,Digital-Equipment,D-Digital-Equipment,https://www.druckerzubehoer.de/shop/subcategory/vcatid/DV-TinteToner/catid/D-Digital-Equipment/lng/de_DE/site/1/lng/de_DE
150,Domino,D-Domino,https://www.druckerzubehoer.de/shop/subcategory/vcatid/DV-TinteToner/catid/D-Domino/lng/de_DE/site/1/lng/de_DE
151,Dorel,D-Dorel,https://www.druckerzubehoer.de/shop/subcategory/vcatid/DV-TinteToner/catid/D-Dorel/lng/de_DE/site/1/lng/de_DE
152,DSI,D-DSI_LAS,https://www.druckerzubehoer.de/shop/subcategory/vcatid/DV-TinteToner/catid/D-DSI_LAS/lng/de_DE/site/1/lng/de_DE
153,DTP,D-DTP_LAS,https://www.druckerzubehoer.de/shop/subcategory/vcatid/DV-TinteToner/catid/D-DTP_LAS/lng/de_DE/site/1/lng/de_DE
154,EFI,D-EFI_LAS,https://www.druckerzubehoer.de/shop/subcategory/vcatid/DV-TinteToner/catid/D-EFI_LAS/lng/de_DE/site/1/lng/de_DE
155,EGS,D-EGS_LAS,https://www.druckerzubehoer.de/shop/subcategory/vcatid/DV-TinteToner/catid/D-EGS_LAS/lng/de_DE/site/1/lng/de_DE
156,EGT,D-EGT_LAS,https://www.druckerzubehoer.de/shop/subcategory/vcatid/DV-TinteToner/catid/D-EGT_LAS/lng/de_DE/site/1/lng/de_DE
157,Eicon,D-EICON_LAS,https://www.druckerzubehoer.de/shop/subcategory/vcatid/DV-TinteToner/catid/D-EICON_LAS/lng/de_DE/site/1/lng/de_DE
158,Elcede,D-Elcede,https://www.druckerzubehoer.de/shop/subcategory/vcatid/DV-TinteToner/catid/D-Elcede/lng/de_DE/site/1/lng/de_DE
159,Electronic Forms SYS,D-ELECTRONIC_FORMS_SYS_LAS,https://www.druckerzubehoer.de/shop/subcategory/vcatid/DV-TinteToner/catid/D-ELECTRONIC_FORMS_SYS_LAS/lng/de_DE/site/1/lng/de_DE
160,Encad,D-Encad,https://www.druckerzubehoer.de/shop/subcategory/vcatid/DV-TinteToner/catid/D-Encad/lng/de_DE/site/1/lng/de_DE
161,Enter,D-Enter,https://www.druckerzubehoer.de/shop/subcategory/vcatid/DV-TinteToner/catid/D-Enter/lng/de_DE/site/1/lng/de_DE
162,EPS,D-EPS_LAS,https://www.druckerzubehoer.de/shop/subcategory/vcatid/DV-TinteToner/catid/D-EPS_LAS/lng/de_DE/site/1/lng/de_DE
163,Epson,D-Epson,https://www.druckerzubehoer.de/shop/subcategory/vcatid/DV-TinteToner/catid/D-Epson/lng/de_DE/site/1/lng/de_DE
164,Ericsson,D-Ericsson,https://www.druckerzubehoer.de/shop/subcategory/vcatid/DV-TinteToner/catid/D-Ericsson/lng/de_DE/site/1/lng/de_DE
165,Escom,D-ESCOM_LAS,https://www.druckerzubehoer.de/shop/subcategory/vcatid/DV-TinteToner/catid/D-ESCOM_LAS/lng/de_DE/site/1/lng/de_DE
166,Esselte,D-Esselte,https://www.druckerzubehoer.de/shop/subcategory/vcatid/DV-TinteToner/catid/D-Esselte/lng/de_DE/site/1/lng/de_DE
167,ETC,D-ETC,https://www.druckerzubehoer.de/shop/subcategory/vcatid/DV-TinteToner/catid/D-ETC/lng/de_DE/site/1/lng/de_DE
168,Eurequat,D-EUREQUAT_LAS,https://www.druckerzubehoer.de/shop/subcategory/vcatid/DV-TinteToner/catid/D-EUREQUAT_LAS/lng/de_DE/site/1/lng/de_DE
169,Eurofax,D-EUROFAX_LAS,https://www.druckerzubehoer.de/shop/subcategory/vcatid/DV-TinteToner/catid/D-EUROFAX_LAS/lng/de_DE/site/1/lng/de_DE
170,Facit,D-Facit,https://www.druckerzubehoer.de/shop/subcategory/vcatid/DV-TinteToner/catid/D-Facit/lng/de_DE/site/1/lng/de_DE
171,Fischer,D-FISCHER_LAS,https://www.druckerzubehoer.de/shop/subcategory/vcatid/DV-TinteToner/catid/D-FISCHER_LAS/lng/de_DE/site/1/lng/de_DE
172,Founder,D-FOUNDER_LAS,https://www.druckerzubehoer.de/shop/subcategory/vcatid/DV-TinteToner/catid/D-FOUNDER_LAS/lng/de_DE/site/1/lng/de_DE
173,Four Phase,D-FOUR_PHASE_LAS,https://www.druckerzubehoer.de/shop/subcategory/vcatid/DV-TinteToner/catid/D-FOUR_PHASE_LAS/lng/de_DE/site/1/lng/de_DE
174,Fuji,D-FUJI_LAS,https://www.druckerzubehoer.de/shop/subcategory/vcatid/DV-TinteToner/catid/D-FUJI_LAS/lng/de_DE/site/1/lng/de_DE
175,Fuji Xerox,D-FUJI_XEROX_LAS,https://www.druckerzubehoer.de/shop/subcategory/vcatid/DV-TinteToner/catid/D-FUJI_XEROX_LAS/lng/de_DE/site/1/lng/de_DE
176,Fuji-Xerox,D-Fuji-Xerox,https://www.druckerzubehoer.de/shop/subcategory/vcatid/DV-TinteToner/catid/D-Fuji-Xerox/lng/de_DE/site/1/lng/de_DE
177,Fujitsu,D-Fujitsu,https://www.druckerzubehoer.de/shop/subcategory/vcatid/DV-TinteToner/catid/D-Fujitsu/lng/de_DE/site/1/lng/de_DE
178,GBT,D-GBT_LAS,https://www.druckerzubehoer.de/shop/subcategory/vcatid/DV-TinteToner/catid/D-GBT_LAS/lng/de_DE/site/1/lng/de_DE
179,GCC,D-GCC_LAS,https://www.druckerzubehoer.de/shop/subcategory/vcatid/DV-TinteToner/catid/D-GCC_LAS/lng/de_DE/site/1/lng/de_DE
180,GCS,D-GCS_LAS,https://www.druckerzubehoer.de/shop/subcategory/vcatid/DV-TinteToner/catid/D-GCS_LAS/lng/de_DE/site/1/lng/de_DE
181,Geha,D-GEHA_KOP,https://www.druckerzubehoer.de/shop/subcategory/vcatid/DV-TinteToner/catid/D-GEHA_KOP/lng/de_DE/site/1/lng/de_DE
182,General-Parameter,D-General-Parameter,https://www.druckerzubehoer.de/shop/subcategory/vcatid/DV-TinteToner/catid/D-General-Parameter/lng/de_DE/site/1/lng/de_DE
183,Genesis,D-GENESIS_LAS,https://www.druckerzubehoer.de/shop/subcategory/vcatid/DV-TinteToner/catid/D-GENESIS_LAS/lng/de_DE/site/1/lng/de_DE
184,Genicom,D-GENICOM_LAS,https://www.druckerzubehoer.de/shop/subcategory/vcatid/DV-TinteToner/catid/D-GENICOM_LAS/lng/de_DE/site/1/lng/de_DE
185,Genigraphics,D-Genigraphics,https://www.druckerzubehoer.de/shop/subcategory/vcatid/DV-TinteToner/catid/D-Genigraphics/lng/de_DE/site/1/lng/de_DE
186,Gestetner,D-GESTETNER_KOP,https://www.druckerzubehoer.de/shop/subcategory/vcatid/DV-TinteToner/catid/D-GESTETNER_KOP/lng/de_DE/site/1/lng/de_DE
187,Getronics,D-GETRONICS_LAS,https://www.druckerzubehoer.de/shop/subcategory/vcatid/DV-TinteToner/catid/D-GETRONICS_LAS/lng/de_DE/site/1/lng/de_DE
188,Geveke,D-Geveke,https://www.druckerzubehoer.de/shop/subcategory/vcatid/DV-TinteToner/catid/D-Geveke/lng/de_DE/site/1/lng/de_DE
189,Globalis,D-GLOBALIS_LAS,https://www.druckerzubehoer.de/shop/subcategory/vcatid/DV-TinteToner/catid/D-GLOBALIS_LAS/lng/de_DE/site/1/lng/de_DE
190,Goldstar,D-GOLDSTAR_LAS,https://www.druckerzubehoer.de/shop/subcategory/vcatid/DV-TinteToner/catid/D-GOLDSTAR_LAS/lng/de_DE/site/1/lng/de_DE
191,Graphic Enterprises,D-GRAPHIC_ENTERPRISES_KOP,https://www.druckerzubehoer.de/shop/subcategory/vcatid/DV-TinteToner/catid/D-GRAPHIC_ENTERPRISES_KOP/lng/de_DE/site/1/lng/de_DE
192,Graphic Software,D-GRAPHIC_SOFTWARE_LAS,https://www.druckerzubehoer.de/shop/subcategory/vcatid/DV-TinteToner/catid/D-GRAPHIC_SOFTWARE_LAS/lng/de_DE/site/1/lng/de_DE
193,Grundig,D-GRUNDIG_LAS,https://www.druckerzubehoer.de/shop/subcategory/vcatid/DV-TinteToner/catid/D-GRUNDIG_LAS/lng/de_DE/site/1/lng/de_DE
194,GSD-Systems,D-GSD-Systems,https://www.druckerzubehoer.de/shop/subcategory/vcatid/DV-TinteToner/catid/D-GSD-Systems/lng/de_DE/site/1/lng/de_DE
195,GTC,D-GTC_LAS,https://www.druckerzubehoer.de/shop/subcategory/vcatid/DV-TinteToner/catid/D-GTC_LAS/lng/de_DE/site/1/lng/de_DE
196,Guwa,D-GUWA_LAS,https://www.druckerzubehoer.de/shop/subcategory/vcatid/DV-TinteToner/catid/D-GUWA_LAS/lng/de_DE/site/1/lng/de_DE
197,Hagenuk,D-HAGENUK_LAS,https://www.druckerzubehoer.de/shop/subcategory/vcatid/DV-TinteToner/catid/D-HAGENUK_LAS/lng/de_DE/site/1/lng/de_DE
198,Hasler,D-Hasler,https://www.druckerzubehoer.de/shop/subcategory/vcatid/DV-TinteToner/catid/D-Hasler/lng/de_DE/site/1/lng/de_DE
199,Hermes,D-HERMES_KOP,https://www.druckerzubehoer.de/shop/subcategory/vcatid/DV-TinteToner/catid/D-HERMES_KOP/lng/de_DE/site/1/lng/de_DE
200,Hetra,D-HETRA_LAS,https://www.druckerzubehoer.de/shop/subcategory/vcatid/DV-TinteToner/catid/D-HETRA_LAS/lng/de_DE/site/1/lng/de_DE
201,Hitachi,D-HITACHI_LAS,https://www.druckerzubehoer.de/shop/subcategory/vcatid/DV-TinteToner/catid/D-HITACHI_LAS/lng/de_DE/site/1/lng/de_DE
202,HOB,D-HOB_LAS,https://www.druckerzubehoer.de/shop/subcategory/vcatid/DV-TinteToner/catid/D-HOB_LAS/lng/de_DE/site/1/lng/de_DE
203,Houston-Instruments,D-Houston-Instruments,https://www.druckerzubehoer.de/shop/subcategory/vcatid/DV-TinteToner/catid/D-Houston-Instruments/lng/de_DE/site/1/lng/de_DE
204,Howtek,D-Howtek,https://www.druckerzubehoer.de/shop/subcategory/vcatid/DV-TinteToner/catid/D-Howtek/lng/de_DE/site/1/lng/de_DE
205,HP,D-HP,https://www.druckerzubehoer.de/shop/subcategory/vcatid/DV-TinteToner/catid/D-HP/lng/de_DE/site/1/lng/de_DE
206,Hugin,D-HUGIN_LAS,https://www.druckerzubehoer.de/shop/subcategory/vcatid/DV-TinteToner/catid/D-HUGIN_LAS/lng/de_DE/site/1/lng/de_DE
207,Hybrid,D-HYBRID_LAS,https://www.druckerzubehoer.de/shop/subcategory/vcatid/DV-TinteToner/catid/D-HYBRID_LAS/lng/de_DE/site/1/lng/de_DE
208,IBM,D-IBM_KOP,https://www.druckerzubehoer.de/shop/subcategory/vcatid/DV-TinteToner/catid/D-IBM_KOP/lng/de_DE/site/1/lng/de_DE
209,IDA,D-IDA_LAS,https://www.druckerzubehoer.de/shop/subcategory/vcatid/DV-TinteToner/catid/D-IDA_LAS/lng/de_DE/site/1/lng/de_DE
210,IJ-Technologies,D-IJ-Technologies,https://www.druckerzubehoer.de/shop/subcategory/vcatid/DV-TinteToner/catid/D-IJ-Technologies/lng/de_DE/site/1/lng/de_DE
211,Ikon,D-IKON_KOP,https://www.druckerzubehoer.de/shop/subcategory/vcatid/DV-TinteToner/catid/D-IKON_KOP/lng/de_DE/site/1/lng/de_DE
212,Imagen,D-IMAGEN_LAS,https://www.druckerzubehoer.de/shop/subcategory/vcatid/DV-TinteToner/catid/D-IMAGEN_LAS/lng/de_DE/site/1/lng/de_DE
213,Imagistics,D-IMAGISTICS_LAS,https://www.druckerzubehoer.de/shop/subcategory/vcatid/DV-TinteToner/catid/D-IMAGISTICS_LAS/lng/de_DE/site/1/lng/de_DE
214,Imation,D-IMATION_LAS,https://www.druckerzubehoer.de/shop/subcategory/vcatid/DV-TinteToner/catid/D-IMATION_LAS/lng/de_DE/site/1/lng/de_DE
215,Imedia,D-Imedia,https://www.druckerzubehoer.de/shop/subcategory/vcatid/DV-TinteToner/catid/D-Imedia/lng/de_DE/site/1/lng/de_DE
216,Impact,D-IMPACT_LAS,https://www.druckerzubehoer.de/shop/subcategory/vcatid/DV-TinteToner/catid/D-IMPACT_LAS/lng/de_DE/site/1/lng/de_DE
217,Imprint Technologies,D-IMPRINT_TECHNOLOGIES_LAS,https://www.druckerzubehoer.de/shop/subcategory/vcatid/DV-TinteToner/catid/D-IMPRINT_TECHNOLOGIES_LAS/lng/de_DE/site/1/lng/de_DE
218,Infoprint Solutions Company,D-INFOPRINT_SOLUTIONS_COMPANY_KOP,https://www.druckerzubehoer.de/shop/subcategory/vcatid/DV-TinteToner/catid/D-INFOPRINT_SOLUTIONS_COMPANY_KOP/lng/de_DE/site/1/lng/de_DE
219,Information Intl,D-INFORMATION_INTL_LAS,https://www.druckerzubehoer.de/shop/subcategory/vcatid/DV-TinteToner/catid/D-INFORMATION_INTL_LAS/lng/de_DE/site/1/lng/de_DE
220,Informer,D-INFORMER_LAS,https://www.druckerzubehoer.de/shop/subcategory/vcatid/DV-TinteToner/catid/D-INFORMER_LAS/lng/de_DE/site/1/lng/de_DE
221,Informtech,D-INFORMTECH_LAS,https://www.druckerzubehoer.de/shop/subcategory/vcatid/DV-TinteToner/catid/D-INFORMTECH_LAS/lng/de_DE/site/1/lng/de_DE
222,Infotec,D-Infotec,https://www.druckerzubehoer.de/shop/subcategory/vcatid/DV-TinteToner/catid/D-Infotec/lng/de_DE/site/1/lng/de_DE
223,Intec,D-INTEC_LAS,https://www.druckerzubehoer.de/shop/subcategory/vcatid/DV-TinteToner/catid/D-INTEC_LAS/lng/de_DE/site/1/lng/de_DE
224,Integral Data SYS,D-INTEGRAL_DATA_SYS_LAS,https://www.druckerzubehoer.de/shop/subcategory/vcatid/DV-TinteToner/catid/D-INTEGRAL_DATA_SYS_LAS/lng/de_DE/site/1/lng/de_DE
225,Integrex,D-Integrex,https://www.druckerzubehoer.de/shop/subcategory/vcatid/DV-TinteToner/catid/D-Integrex/lng/de_DE/site/1/lng/de_DE
226,Interface,D-INTERFACE_LAS,https://www.druckerzubehoer.de/shop/subcategory/vcatid/DV-TinteToner/catid/D-INTERFACE_LAS/lng/de_DE/site/1/lng/de_DE
227,Intergraph,D-INTERGRAPH_LAS,https://www.druckerzubehoer.de/shop/subcategory/vcatid/DV-TinteToner/catid/D-INTERGRAPH_LAS/lng/de_DE/site/1/lng/de_DE
228,Interkom,D-Interkom,https://www.druckerzubehoer.de/shop/subcategory/vcatid/DV-TinteToner/catid/D-Interkom/lng/de_DE/site/1/lng/de_DE
229,Interleaf,D-INTERLEAF_LAS,https://www.druckerzubehoer.de/shop/subcategory/vcatid/DV-TinteToner/catid/D-INTERLEAF_LAS/lng/de_DE/site/1/lng/de_DE
230,Invest,D-Invest,https://www.druckerzubehoer.de/shop/subcategory/vcatid/DV-TinteToner/catid/D-Invest/lng/de_DE/site/1/lng/de_DE
231,IRN,D-IRN_LAS,https://www.druckerzubehoer.de/shop/subcategory/vcatid/DV-TinteToner/catid/D-IRN_LAS/lng/de_DE/site/1/lng/de_DE
232,Italtel,D-ITALTEL_LAS,https://www.druckerzubehoer.de/shop/subcategory/vcatid/DV-TinteToner/catid/D-ITALTEL_LAS/lng/de_DE/site/1/lng/de_DE
233,Itec,D-Itec,https://www.druckerzubehoer.de/shop/subcategory/vcatid/DV-TinteToner/catid/D-Itec/lng/de_DE/site/1/lng/de_DE
234,Itek,D-ITEK_LAS,https://www.druckerzubehoer.de/shop/subcategory/vcatid/DV-TinteToner/catid/D-ITEK_LAS/lng/de_DE/site/1/lng/de_DE
235,Itell,D-Itell,https://www.druckerzubehoer.de/shop/subcategory/vcatid/DV-TinteToner/catid/D-Itell/lng/de_DE/site/1/lng/de_DE
236,Iverson,D-IVERSON_LAS,https://www.druckerzubehoer.de/shop/subcategory/vcatid/DV-TinteToner/catid/D-IVERSON_LAS/lng/de_DE/site/1/lng/de_DE
237,JDL,D-JDL,https://www.druckerzubehoer.de/shop/subcategory/vcatid/DV-TinteToner/catid/D-JDL/lng/de_DE/site/1/lng/de_DE
238,Jetfax,D-Jetfax,https://www.druckerzubehoer.de/shop/subcategory/vcatid/DV-TinteToner/catid/D-Jetfax/lng/de_DE/site/1/lng/de_DE
239,Jfax,D-Jfax,https://www.druckerzubehoer.de/shop/subcategory/vcatid/DV-TinteToner/catid/D-Jfax/lng/de_DE/site/1/lng/de_DE
240,JPS Microsystems,D-JPS_MICROSYSTEMS_LAS,https://www.druckerzubehoer.de/shop/subcategory/vcatid/DV-TinteToner/catid/D-JPS_MICROSYSTEMS_LAS/lng/de_DE/site/1/lng/de_DE
241,JRL,D-JRL,https://www.druckerzubehoer.de/shop/subcategory/vcatid/DV-TinteToner/catid/D-JRL/lng/de_DE/site/1/lng/de_DE
242,Kanematsu-Gosho,D-KANEMATSU-GOSHO_LAS,https://www.druckerzubehoer.de/shop/subcategory/vcatid/DV-TinteToner/catid/D-KANEMATSU-GOSHO_LAS/lng/de_DE/site/1/lng/de_DE
243,Kardex,D-KARDEX_KOP,https://www.druckerzubehoer.de/shop/subcategory/vcatid/DV-TinteToner/catid/D-KARDEX_KOP/lng/de_DE/site/1/lng/de_DE
244,KEL,D-KEL_LAS,https://www.druckerzubehoer.de/shop/subcategory/vcatid/DV-TinteToner/catid/D-KEL_LAS/lng/de_DE/site/1/lng/de_DE
245,Kienzle,D-Kienzle,https://www.druckerzubehoer.de/shop/subcategory/vcatid/DV-TinteToner/catid/D-Kienzle/lng/de_DE/site/1/lng/de_DE
246,KIP,D-KIP_KOP,https://www.druckerzubehoer.de/shop/subcategory/vcatid/DV-TinteToner/catid/D-KIP_KOP/lng/de_DE/site/1/lng/de_DE
247,Kleindienst,D-KLEINDIENST_LAS,https://www.druckerzubehoer.de/shop/subcategory/vcatid/DV-TinteToner/catid/D-KLEINDIENST_LAS/lng/de_DE/site/1/lng/de_DE
248,Kodak,D-KODAK_KOP,https://www.druckerzubehoer.de/shop/subcategory/vcatid/DV-TinteToner/catid/D-KODAK_KOP/lng/de_DE/site/1/lng/de_DE
249,Konica,D-Konica,https://www.druckerzubehoer.de/shop/subcategory/vcatid/DV-TinteToner/catid/D-Konica/lng/de_DE/site/1/lng/de_DE
250,Konica Minolta,D-KONICA_MINOLTA_LAS,https://www.druckerzubehoer.de/shop/subcategory/vcatid/DV-TinteToner/catid/D-KONICA_MINOLTA_LAS/lng/de_DE/site/1/lng/de_DE
251,Konica-Minolta,D-Konica-Minolta,https://www.druckerzubehoer.de/shop/subcategory/vcatid/DV-TinteToner/catid/D-Konica-Minolta/lng/de_DE/site/1/lng/de_DE
252,Kontron,D-KONTRON_LAS,https://www.druckerzubehoer.de/shop/subcategory/vcatid/DV-TinteToner/catid/D-KONTRON_LAS/lng/de_DE/site/1/lng/de_DE
253,Kyocera,D-KYOCERA_LAS,https://www.druckerzubehoer.de/shop/subcategory/vcatid/DV-TinteToner/catid/D-KYOCERA_LAS/lng/de_DE/site/1/lng/de_DE
254,Kyocera-Mita,D-Kyocera-Mita,https://www.druckerzubehoer.de/shop/subcategory/vcatid/DV-TinteToner/catid/D-Kyocera-Mita/lng/de_DE/site/1/lng/de_DE
255,Kyocera/Mita,D-KYOCERA_MITA_KOP,https://www.druckerzubehoer.de/shop/subcategory/vcatid/DV-TinteToner/catid/D-KYOCERA_MITA_KOP/lng/de_DE/site/1/lng/de_DE
256,Lanier,D-LANIER_LAS,https://www.druckerzubehoer.de/shop/subcategory/vcatid/DV-TinteToner/catid/D-LANIER_LAS/lng/de_DE/site/1/lng/de_DE
257,Laser Compupter,D-LASER_COMPUPTER_LAS,https://www.druckerzubehoer.de/shop/subcategory/vcatid/DV-TinteToner/catid/D-LASER_COMPUPTER_LAS/lng/de_DE/site/1/lng/de_DE
258,Laserimage,D-LASERIMAGE_LAS,https://www.druckerzubehoer.de/shop/subcategory/vcatid/DV-TinteToner/catid/D-LASERIMAGE_LAS/lng/de_DE/site/1/lng/de_DE
259,Lasermaster,D-LASERMASTER_LAS,https://www.druckerzubehoer.de/shop/subcategory/vcatid/DV-TinteToner/catid/D-LASERMASTER_LAS/lng/de_DE/site/1/lng/de_DE
260,Lasersmith,D-LASERSMITH_LAS,https://www.druckerzubehoer.de/shop/subcategory/vcatid/DV-TinteToner/catid/D-LASERSMITH_LAS/lng/de_DE/site/1/lng/de_DE
261,Ledo,D-LEDO_LAS,https://www.druckerzubehoer.de/shop/subcategory/vcatid/DV-TinteToner/catid/D-LEDO_LAS/lng/de_DE/site/1/lng/de_DE
262,LEE Data,D-LEE_DATA_LAS,https://www.druckerzubehoer.de/shop/subcategory/vcatid/DV-TinteToner/catid/D-LEE_DATA_LAS/lng/de_DE/site/1/lng/de_DE
263,Legend,D-LEGEND_LAS,https://www.druckerzubehoer.de/shop/subcategory/vcatid/DV-TinteToner/catid/D-LEGEND_LAS/lng/de_DE/site/1/lng/de_DE
264,Lenovo,D-Lenovo,https://www.druckerzubehoer.de/shop/subcategory/vcatid/DV-TinteToner/catid/D-Lenovo/lng/de_DE/site/1/lng/de_DE
265,Lexmark,D-Lexmark,https://www.druckerzubehoer.de/shop/subcategory/vcatid/DV-TinteToner/catid/D-Lexmark/lng/de_DE/site/1/lng/de_DE
266,LG,D-LG,https://www.druckerzubehoer.de/shop/subcategory/vcatid/DV-TinteToner/catid/D-LG/lng/de_DE/site/1/lng/de_DE
267,Linotype,D-LINOTYPE_LAS,https://www.druckerzubehoer.de/shop/subcategory/vcatid/DV-TinteToner/catid/D-LINOTYPE_LAS/lng/de_DE/site/1/lng/de_DE
268,Loewe,D-Loewe,https://www.druckerzubehoer.de/shop/subcategory/vcatid/DV-TinteToner/catid/D-Loewe/lng/de_DE/site/1/lng/de_DE
269,Lomond,D-Lomond,https://www.druckerzubehoer.de/shop/subcategory/vcatid/DV-TinteToner/catid/D-Lomond/lng/de_DE/site/1/lng/de_DE
270,LSK,D-LSK,https://www.druckerzubehoer.de/shop/subcategory/vcatid/DV-TinteToner/catid/D-LSK/lng/de_DE/site/1/lng/de_DE
271,Macrotron,D-MACROTRON_LAS,https://www.druckerzubehoer.de/shop/subcategory/vcatid/DV-TinteToner/catid/D-MACROTRON_LAS/lng/de_DE/site/1/lng/de_DE
272,Magnetec,D-MAGNETEC_LAS,https://www.druckerzubehoer.de/shop/subcategory/vcatid/DV-TinteToner/catid/D-MAGNETEC_LAS/lng/de_DE/site/1/lng/de_DE
273,Management Graphics,D-MANAGEMENT_GRAPHICS_LAS,https://www.druckerzubehoer.de/shop/subcategory/vcatid/DV-TinteToner/catid/D-MANAGEMENT_GRAPHICS_LAS/lng/de_DE/site/1/lng/de_DE
274,Mannesmann Kienzle,D-MANNESMANN_KIENZLE_LAS,https://www.druckerzubehoer.de/shop/subcategory/vcatid/DV-TinteToner/catid/D-MANNESMANN_KIENZLE_LAS/lng/de_DE/site/1/lng/de_DE
275,Marcan,D-Marcan,https://www.druckerzubehoer.de/shop/subcategory/vcatid/DV-TinteToner/catid/D-Marcan/lng/de_DE/site/1/lng/de_DE
276,Matra,D-MATRA_LAS,https://www.druckerzubehoer.de/shop/subcategory/vcatid/DV-TinteToner/catid/D-MATRA_LAS/lng/de_DE/site/1/lng/de_DE
277,Matsushita,D-MATSUSHITA_LAS,https://www.druckerzubehoer.de/shop/subcategory/vcatid/DV-TinteToner/catid/D-MATSUSHITA_LAS/lng/de_DE/site/1/lng/de_DE
278,MB,D-MB_LAS,https://www.druckerzubehoer.de/shop/subcategory/vcatid/DV-TinteToner/catid/D-MB_LAS/lng/de_DE/site/1/lng/de_DE
279,Mcdonnell Douglas,D-MCDONNELL_DOUGLAS_LAS,https://www.druckerzubehoer.de/shop/subcategory/vcatid/DV-TinteToner/catid/D-MCDONNELL_DOUGLAS_LAS/lng/de_DE/site/1/lng/de_DE
280,MDS,D-MDS_LAS,https://www.druckerzubehoer.de/shop/subcategory/vcatid/DV-TinteToner/catid/D-MDS_LAS/lng/de_DE/site/1/lng/de_DE
281,Medion,D-Medion,https://www.druckerzubehoer.de/shop/subcategory/vcatid/DV-TinteToner/catid/D-Medion/lng/de_DE/site/1/lng/de_DE
282,Melchers,D-MELCHERS_LAS,https://www.druckerzubehoer.de/shop/subcategory/vcatid/DV-TinteToner/catid/D-MELCHERS_LAS/lng/de_DE/site/1/lng/de_DE
283,Memocopy,D-MEMOCOPY_KOP,https://www.druckerzubehoer.de/shop/subcategory/vcatid/DV-TinteToner/catid/D-MEMOCOPY_KOP/lng/de_DE/site/1/lng/de_DE
284,Memorex,D-MEMOREX_LAS,https://www.druckerzubehoer.de/shop/subcategory/vcatid/DV-TinteToner/catid/D-MEMOREX_LAS/lng/de_DE/site/1/lng/de_DE
285,Mentor,D-MENTOR_LAS,https://www.druckerzubehoer.de/shop/subcategory/vcatid/DV-TinteToner/catid/D-MENTOR_LAS/lng/de_DE/site/1/lng/de_DE
286,Metaphor,D-METAPHOR_LAS,https://www.druckerzubehoer.de/shop/subcategory/vcatid/DV-TinteToner/catid/D-METAPHOR_LAS/lng/de_DE/site/1/lng/de_DE
287,Metemprinter,D-METEMPRINTER_KOP,https://www.druckerzubehoer.de/shop/subcategory/vcatid/DV-TinteToner/catid/D-METEMPRINTER_KOP/lng/de_DE/site/1/lng/de_DE
288,Meto,D-METO_LAS,https://www.druckerzubehoer.de/shop/subcategory/vcatid/DV-TinteToner/catid/D-METO_LAS/lng/de_DE/site/1/lng/de_DE
289,Mfax,D-Mfax,https://www.druckerzubehoer.de/shop/subcategory/vcatid/DV-TinteToner/catid/D-Mfax/lng/de_DE/site/1/lng/de_DE
290,MGI,D-MGI_LAS,https://www.druckerzubehoer.de/shop/subcategory/vcatid/DV-TinteToner/catid/D-MGI_LAS/lng/de_DE/site/1/lng/de_DE
291,Microboards,D-Microboards,https://www.druckerzubehoer.de/shop/subcategory/vcatid/DV-TinteToner/catid/D-Microboards/lng/de_DE/site/1/lng/de_DE
292,Microcolour-Graphics,D-Microcolour-Graphics,https://www.druckerzubehoer.de/shop/subcategory/vcatid/DV-TinteToner/catid/D-Microcolour-Graphics/lng/de_DE/site/1/lng/de_DE
293,Micropartner,D-MICROPARTNER_LAS,https://www.druckerzubehoer.de/shop/subcategory/vcatid/DV-TinteToner/catid/D-MICROPARTNER_LAS/lng/de_DE/site/1/lng/de_DE
294,Microplex,D-MICROPLEX_LAS,https://www.druckerzubehoer.de/shop/subcategory/vcatid/DV-TinteToner/catid/D-MICROPLEX_LAS/lng/de_DE/site/1/lng/de_DE
295,Miltope,D-Miltope,https://www.druckerzubehoer.de/shop/subcategory/vcatid/DV-TinteToner/catid/D-Miltope/lng/de_DE/site/1/lng/de_DE
296,Mimaki,D-Mimaki,https://www.druckerzubehoer.de/shop/subcategory/vcatid/DV-TinteToner/catid/D-Mimaki/lng/de_DE/site/1/lng/de_DE
297,Minolta,D-MINOLTA_LAS,https://www.druckerzubehoer.de/shop/subcategory/vcatid/DV-TinteToner/catid/D-MINOLTA_LAS/lng/de_DE/site/1/lng/de_DE
298,Mitek,D-MITEK_LAS,https://www.druckerzubehoer.de/shop/subcategory/vcatid/DV-TinteToner/catid/D-MITEK_LAS/lng/de_DE/site/1/lng/de_DE
299,Mitsozo,D-Mitsozo,https://www.druckerzubehoer.de/shop/subcategory/vcatid/DV-TinteToner/catid/D-Mitsozo/lng/de_DE/site/1/lng/de_DE
300,Mitsubishi,D-MITSUBISHI_LAS,https://www.druckerzubehoer.de/shop/subcategory/vcatid/DV-TinteToner/catid/D-MITSUBISHI_LAS/lng/de_DE/site/1/lng/de_DE
301,Monroe,D-MONROE_KOP,https://www.druckerzubehoer.de/shop/subcategory/vcatid/DV-TinteToner/catid/D-MONROE_KOP/lng/de_DE/site/1/lng/de_DE
302,Moore Business Forms,D-MOORE_BUSINESS_FORMS_LAS,https://www.druckerzubehoer.de/shop/subcategory/vcatid/DV-TinteToner/catid/D-MOORE_BUSINESS_FORMS_LAS/lng/de_DE/site/1/lng/de_DE
303,Motorola,D-MOTOROLA_LAS,https://www.druckerzubehoer.de/shop/subcategory/vcatid/DV-TinteToner/catid/D-MOTOROLA_LAS/lng/de_DE/site/1/lng/de_DE
304,Muirhead,D-MUIRHEAD_LAS,https://www.druckerzubehoer.de/shop/subcategory/vcatid/DV-TinteToner/catid/D-MUIRHEAD_LAS/lng/de_DE/site/1/lng/de_DE
305,Multimail,D-Multimail,https://www.druckerzubehoer.de/shop/subcategory/vcatid/DV-TinteToner/catid/D-Multimail/lng/de_DE/site/1/lng/de_DE
306,Multires,D-MULTIRES_LAS,https://www.druckerzubehoer.de/shop/subcategory/vcatid/DV-TinteToner/catid/D-MULTIRES_LAS/lng/de_DE/site/1/lng/de_DE
307,Muratec,D-MURATEC_LAS,https://www.druckerzubehoer.de/shop/subcategory/vcatid/DV-TinteToner/catid/D-MURATEC_LAS/lng/de_DE/site/1/lng/de_DE
308,Mutoh,D-Mutoh,https://www.druckerzubehoer.de/shop/subcategory/vcatid/DV-TinteToner/catid/D-Mutoh/lng/de_DE/site/1/lng/de_DE
309,Nasco,D-NASCO_KOP,https://www.druckerzubehoer.de/shop/subcategory/vcatid/DV-TinteToner/catid/D-NASCO_KOP/lng/de_DE/site/1/lng/de_DE
310,Nashuatec,D-NASHUATEC_KOP,https://www.druckerzubehoer.de/shop/subcategory/vcatid/DV-TinteToner/catid/D-NASHUATEC_KOP/lng/de_DE/site/1/lng/de_DE
311,National Computer,D-NATIONAL_COMPUTER_LAS,https://www.druckerzubehoer.de/shop/subcategory/vcatid/DV-TinteToner/catid/D-NATIONAL_COMPUTER_LAS/lng/de_DE/site/1/lng/de_DE
312,National Televar,D-NATIONAL_TELEVAR_LAS,https://www.druckerzubehoer.de/shop/subcategory/vcatid/DV-TinteToner/catid/D-NATIONAL_TELEVAR_LAS/lng/de_DE/site/1/lng/de_DE
313,NBI,D-NBI_LAS,https://www.druckerzubehoer.de/shop/subcategory/vcatid/DV-TinteToner/catid/D-NBI_LAS/lng/de_DE/site/1/lng/de_DE
314,NCR,D-NCR,https://www.druckerzubehoer.de/shop/subcategory/vcatid/DV-TinteToner/catid/D-NCR/lng/de_DE/site/1/lng/de_DE
315,NEC,D-NEC_LAS,https://www.druckerzubehoer.de/shop/subcategory/vcatid/DV-TinteToner/catid/D-NEC_LAS/lng/de_DE/site/1/lng/de_DE
316,Newgen Systems,D-NEWGEN_SYSTEMS_LAS,https://www.druckerzubehoer.de/shop/subcategory/vcatid/DV-TinteToner/catid/D-NEWGEN_SYSTEMS_LAS/lng/de_DE/site/1/lng/de_DE
317,Newgen-Systems,D-Newgen-Systems,https://www.druckerzubehoer.de/shop/subcategory/vcatid/DV-TinteToner/catid/D-Newgen-Systems/lng/de_DE/site/1/lng/de_DE
318,Next,D-Next,https://www.druckerzubehoer.de/shop/subcategory/vcatid/DV-TinteToner/catid/D-Next/lng/de_DE/site/1/lng/de_DE
319,Next Computer,D-NEXT_COMPUTER_LAS,https://www.druckerzubehoer.de/shop/subcategory/vcatid/DV-TinteToner/catid/D-NEXT_COMPUTER_LAS/lng/de_DE/site/1/lng/de_DE
320,Nokia,D-NOKIA_LAS,https://www.druckerzubehoer.de/shop/subcategory/vcatid/DV-TinteToner/catid/D-NOKIA_LAS/lng/de_DE/site/1/lng/de_DE
321,Norsk Data,D-NORSK_DATA_LAS,https://www.druckerzubehoer.de/shop/subcategory/vcatid/DV-TinteToner/catid/D-NORSK_DATA_LAS/lng/de_DE/site/1/lng/de_DE
322,Norsk-Data,D-Norsk-Data,https://www.druckerzubehoer.de/shop/subcategory/vcatid/DV-TinteToner/catid/D-Norsk-Data/lng/de_DE/site/1/lng/de_DE
323,North Atlantic,D-NORTH_ATLANTIC_LAS,https://www.druckerzubehoer.de/shop/subcategory/vcatid/DV-TinteToner/catid/D-NORTH_ATLANTIC_LAS/lng/de_DE/site/1/lng/de_DE
324,North-Atlantic,D-North-Atlantic,https://www.druckerzubehoer.de/shop/subcategory/vcatid/DV-TinteToner/catid/D-North-Atlantic/lng/de_DE/site/1/lng/de_DE
325,Northern-Telecom,D-Northern-Telecom,https://www.druckerzubehoer.de/shop/subcategory/vcatid/DV-TinteToner/catid/D-Northern-Telecom/lng/de_DE/site/1/lng/de_DE
326,Novo,D-Novo,https://www.druckerzubehoer.de/shop/subcategory/vcatid/DV-TinteToner/catid/D-Novo/lng/de_DE/site/1/lng/de_DE
327,NRG,D-NRG,https://www.druckerzubehoer.de/shop/subcategory/vcatid/DV-TinteToner/catid/D-NRG/lng/de_DE/site/1/lng/de_DE
328,Obbo,D-OBBO_LAS,https://www.druckerzubehoer.de/shop/subcategory/vcatid/DV-TinteToner/catid/D-OBBO_LAS/lng/de_DE/site/1/lng/de_DE
329,OCE,D-OCE_LAS,https://www.druckerzubehoer.de/shop/subcategory/vcatid/DV-TinteToner/catid/D-OCE_LAS/lng/de_DE/site/1/lng/de_DE
330,Octave,D-Octave,https://www.druckerzubehoer.de/shop/subcategory/vcatid/DV-TinteToner/catid/D-Octave/lng/de_DE/site/1/lng/de_DE
331,Odixion,D-Odixion,https://www.druckerzubehoer.de/shop/subcategory/vcatid/DV-TinteToner/catid/D-Odixion/lng/de_DE/site/1/lng/de_DE
332,Office Automation SYS,D-OFFICE_AUTOMATION_SYS_LAS,https://www.druckerzubehoer.de/shop/subcategory/vcatid/DV-TinteToner/catid/D-OFFICE_AUTOMATION_SYS_LAS/lng/de_DE/site/1/lng/de_DE
333,Ohdner,D-Ohdner,https://www.druckerzubehoer.de/shop/subcategory/vcatid/DV-TinteToner/catid/D-Ohdner/lng/de_DE/site/1/lng/de_DE
334,OKI,D-OKI_KOP,https://www.druckerzubehoer.de/shop/subcategory/vcatid/DV-TinteToner/catid/D-OKI_KOP/lng/de_DE/site/1/lng/de_DE
335,Olivetti,D-OLIVETTI_KOP,https://www.druckerzubehoer.de/shop/subcategory/vcatid/DV-TinteToner/catid/D-OLIVETTI_KOP/lng/de_DE/site/1/lng/de_DE
336,Olympia,D-Olympia,https://www.druckerzubehoer.de/shop/subcategory/vcatid/DV-TinteToner/catid/D-Olympia/lng/de_DE/site/1/lng/de_DE
337,Olympus,D-OLYMPUS_LAS,https://www.druckerzubehoer.de/shop/subcategory/vcatid/DV-TinteToner/catid/D-OLYMPUS_LAS/lng/de_DE/site/1/lng/de_DE
338,Olytalia,D-OLYTALIA_LAS,https://www.druckerzubehoer.de/shop/subcategory/vcatid/DV-TinteToner/catid/D-OLYTALIA_LAS/lng/de_DE/site/1/lng/de_DE
339,OmniFax,D-OmniFax,https://www.druckerzubehoer.de/shop/subcategory/vcatid/DV-TinteToner/catid/D-OmniFax/lng/de_DE/site/1/lng/de_DE
340,OTC,D-OTC,https://www.druckerzubehoer.de/shop/subcategory/vcatid/DV-TinteToner/catid/D-OTC/lng/de_DE/site/1/lng/de_DE
341,Output-Solutions,D-Output-Solutions,https://www.druckerzubehoer.de/shop/subcategory/vcatid/DV-TinteToner/catid/D-Output-Solutions/lng/de_DE/site/1/lng/de_DE
342,Output-Technology-Corp,D-Output-Technology-Corp,https://www.druckerzubehoer.de/shop/subcategory/vcatid/DV-TinteToner/catid/D-Output-Technology-Corp/lng/de_DE/site/1/lng/de_DE
343,Oyster,D-Oyster,https://www.druckerzubehoer.de/shop/subcategory/vcatid/DV-TinteToner/catid/D-Oyster/lng/de_DE/site/1/lng/de_DE
344,Ozalid,D-OZALID_KOP,https://www.druckerzubehoer.de/shop/subcategory/vcatid/DV-TinteToner/catid/D-OZALID_KOP/lng/de_DE/site/1/lng/de_DE
345,Pacific,D-PACIFIC_LAS,https://www.druckerzubehoer.de/shop/subcategory/vcatid/DV-TinteToner/catid/D-PACIFIC_LAS/lng/de_DE/site/1/lng/de_DE
346,Packard Bell,D-PACKARD_BELL_LAS,https://www.druckerzubehoer.de/shop/subcategory/vcatid/DV-TinteToner/catid/D-PACKARD_BELL_LAS/lng/de_DE/site/1/lng/de_DE
347,Panafax,D-PANAFAX_LAS,https://www.druckerzubehoer.de/shop/subcategory/vcatid/DV-TinteToner/catid/D-PANAFAX_LAS/lng/de_DE/site/1/lng/de_DE
348,Panasonic,D-PANASONIC_KOP,https://www.druckerzubehoer.de/shop/subcategory/vcatid/DV-TinteToner/catid/D-PANASONIC_KOP/lng/de_DE/site/1/lng/de_DE
349,Panini,D-Panini,https://www.druckerzubehoer.de/shop/subcategory/vcatid/DV-TinteToner/catid/D-Panini/lng/de_DE/site/1/lng/de_DE
350,Pcpi,D-PCPI_LAS,https://www.druckerzubehoer.de/shop/subcategory/vcatid/DV-TinteToner/catid/D-PCPI_LAS/lng/de_DE/site/1/lng/de_DE
351,Pentax,D-PENTAX_LAS,https://www.druckerzubehoer.de/shop/subcategory/vcatid/DV-TinteToner/catid/D-PENTAX_LAS/lng/de_DE/site/1/lng/de_DE
352,Pericom,D-Pericom,https://www.druckerzubehoer.de/shop/subcategory/vcatid/DV-TinteToner/catid/D-Pericom/lng/de_DE/site/1/lng/de_DE
353,Perq Systems,D-PERQ_SYSTEMS_LAS,https://www.druckerzubehoer.de/shop/subcategory/vcatid/DV-TinteToner/catid/D-PERQ_SYSTEMS_LAS/lng/de_DE/site/1/lng/de_DE
354,Personal Comp,D-PERSONAL_COMP_LAS,https://www.druckerzubehoer.de/shop/subcategory/vcatid/DV-TinteToner/catid/D-PERSONAL_COMP_LAS/lng/de_DE/site/1/lng/de_DE
355,PFB,D-PFB_LAS,https://www.druckerzubehoer.de/shop/subcategory/vcatid/DV-TinteToner/catid/D-PFB_LAS/lng/de_DE/site/1/lng/de_DE
356,PHI,D-PHI_LAS,https://www.druckerzubehoer.de/shop/subcategory/vcatid/DV-TinteToner/catid/D-PHI_LAS/lng/de_DE/site/1/lng/de_DE
357,Philips,D-Philips,https://www.druckerzubehoer.de/shop/subcategory/vcatid/DV-TinteToner/catid/D-Philips/lng/de_DE/site/1/lng/de_DE
358,Pitney Bowes,D-PITNEY_BOWES_LAS,https://www.druckerzubehoer.de/shop/subcategory/vcatid/DV-TinteToner/catid/D-PITNEY_BOWES_LAS/lng/de_DE/site/1/lng/de_DE
359,Pitney-Bowes,D-Pitney-Bowes,https://www.druckerzubehoer.de/shop/subcategory/vcatid/DV-TinteToner/catid/D-Pitney-Bowes/lng/de_DE/site/1/lng/de_DE
360,Pixa,D-Pixa,https://www.druckerzubehoer.de/shop/subcategory/vcatid/DV-TinteToner/catid/D-Pixa/lng/de_DE/site/1/lng/de_DE
361,PMC,D-PMC_LAS,https://www.druckerzubehoer.de/shop/subcategory/vcatid/DV-TinteToner/catid/D-PMC_LAS/lng/de_DE/site/1/lng/de_DE
362,Pragma,D-PRAGMA_LAS,https://www.druckerzubehoer.de/shop/subcategory/vcatid/DV-TinteToner/catid/D-PRAGMA_LAS/lng/de_DE/site/1/lng/de_DE
363,Prepress Solutions,D-PREPRESS_SOLUTIONS_LAS,https://www.druckerzubehoer.de/shop/subcategory/vcatid/DV-TinteToner/catid/D-PREPRESS_SOLUTIONS_LAS/lng/de_DE/site/1/lng/de_DE
364,Prime Computer,D-PRIME_COMPUTER_LAS,https://www.druckerzubehoer.de/shop/subcategory/vcatid/DV-TinteToner/catid/D-PRIME_COMPUTER_LAS/lng/de_DE/site/1/lng/de_DE
365,Primera,D-Primera,https://www.druckerzubehoer.de/shop/subcategory/vcatid/DV-TinteToner/catid/D-Primera/lng/de_DE/site/1/lng/de_DE
366,Printapen,D-Printapen,https://www.druckerzubehoer.de/shop/subcategory/vcatid/DV-TinteToner/catid/D-Printapen/lng/de_DE/site/1/lng/de_DE
367,Printer Systems,D-PRINTER_SYSTEMS_LAS,https://www.druckerzubehoer.de/shop/subcategory/vcatid/DV-TinteToner/catid/D-PRINTER_SYSTEMS_LAS/lng/de_DE/site/1/lng/de_DE
368,Printer Works,D-PRINTER_WORKS_LAS,https://www.druckerzubehoer.de/shop/subcategory/vcatid/DV-TinteToner/catid/D-PRINTER_WORKS_LAS/lng/de_DE/site/1/lng/de_DE
369,Printronix,D-PRINTRONIX_LAS,https://www.druckerzubehoer.de/shop/subcategory/vcatid/DV-TinteToner/catid/D-PRINTRONIX_LAS/lng/de_DE/site/1/lng/de_DE
370,Printworks,D-PRINTWORKS_LAS,https://www.druckerzubehoer.de/shop/subcategory/vcatid/DV-TinteToner/catid/D-PRINTWORKS_LAS/lng/de_DE/site/1/lng/de_DE
371,Privileg,D-Privileg,https://www.druckerzubehoer.de/shop/subcategory/vcatid/DV-TinteToner/catid/D-Privileg/lng/de_DE/site/1/lng/de_DE
372,PSI,D-PSI_LAS,https://www.druckerzubehoer.de/shop/subcategory/vcatid/DV-TinteToner/catid/D-PSI_LAS/lng/de_DE/site/1/lng/de_DE
373,PTT,D-PTT,https://www.druckerzubehoer.de/shop/subcategory/vcatid/DV-TinteToner/catid/D-PTT/lng/de_DE/site/1/lng/de_DE
374,QED,D-QED,https://www.druckerzubehoer.de/shop/subcategory/vcatid/DV-TinteToner/catid/D-QED/lng/de_DE/site/1/lng/de_DE
375,Quadram-Corporation,D-Quadram-Corporation,https://www.druckerzubehoer.de/shop/subcategory/vcatid/DV-TinteToner/catid/D-Quadram-Corporation/lng/de_DE/site/1/lng/de_DE
376,Qubix,D-QUBIX_LAS,https://www.druckerzubehoer.de/shop/subcategory/vcatid/DV-TinteToner/catid/D-QUBIX_LAS/lng/de_DE/site/1/lng/de_DE
377,Radio-Shack,D-Radio-Shack,https://www.druckerzubehoer.de/shop/subcategory/vcatid/DV-TinteToner/catid/D-Radio-Shack/lng/de_DE/site/1/lng/de_DE
378,Regma,D-Regma,https://www.druckerzubehoer.de/shop/subcategory/vcatid/DV-TinteToner/catid/D-Regma/lng/de_DE/site/1/lng/de_DE
379,Rein,D-REIN_LAS,https://www.druckerzubehoer.de/shop/subcategory/vcatid/DV-TinteToner/catid/D-REIN_LAS/lng/de_DE/site/1/lng/de_DE
380,Remington,D-Remington,https://www.druckerzubehoer.de/shop/subcategory/vcatid/DV-TinteToner/catid/D-Remington/lng/de_DE/site/1/lng/de_DE
381,Rena,D-Rena,https://www.druckerzubehoer.de/shop/subcategory/vcatid/DV-TinteToner/catid/D-Rena/lng/de_DE/site/1/lng/de_DE
382,Renker,D-Renker,https://www.druckerzubehoer.de/shop/subcategory/vcatid/DV-TinteToner/catid/D-Renker/lng/de_DE/site/1/lng/de_DE
383,REX Rotary,D-REX_ROTARY_LAS,https://www.druckerzubehoer.de/shop/subcategory/vcatid/DV-TinteToner/catid/D-REX_ROTARY_LAS/lng/de_DE/site/1/lng/de_DE
384,Rex-Rotary,D-Rex-Rotary,https://www.druckerzubehoer.de/shop/subcategory/vcatid/DV-TinteToner/catid/D-Rex-Rotary/lng/de_DE/site/1/lng/de_DE
385,Ricoh,D-RICOH_LAS,https://www.druckerzubehoer.de/shop/subcategory/vcatid/DV-TinteToner/catid/D-RICOH_LAS/lng/de_DE/site/1/lng/de_DE
386,Rimage,D-Rimage,https://www.druckerzubehoer.de/shop/subcategory/vcatid/DV-TinteToner/catid/D-Rimage/lng/de_DE/site/1/lng/de_DE
387,Riso,D-RISO_LAS,https://www.druckerzubehoer.de/shop/subcategory/vcatid/DV-TinteToner/catid/D-RISO_LAS/lng/de_DE/site/1/lng/de_DE
388,Roland,D-ROLAND_LAS,https://www.druckerzubehoer.de/shop/subcategory/vcatid/DV-TinteToner/catid/D-ROLAND_LAS/lng/de_DE/site/1/lng/de_DE
389,Roneo,D-RONEO_KOP,https://www.druckerzubehoer.de/shop/subcategory/vcatid/DV-TinteToner/catid/D-RONEO_KOP/lng/de_DE/site/1/lng/de_DE
390,Rosetta,D-ROSETTA_LAS,https://www.druckerzubehoer.de/shop/subcategory/vcatid/DV-TinteToner/catid/D-ROSETTA_LAS/lng/de_DE/site/1/lng/de_DE
391,Rototype,D-ROTOTYPE_LAS,https://www.druckerzubehoer.de/shop/subcategory/vcatid/DV-TinteToner/catid/D-ROTOTYPE_LAS/lng/de_DE/site/1/lng/de_DE
392,Rowe Copy,D-ROWE_COPY_KOP,https://www.druckerzubehoer.de/shop/subcategory/vcatid/DV-TinteToner/catid/D-ROWE_COPY_KOP/lng/de_DE/site/1/lng/de_DE
393,RS Computer,D-RS_COMPUTER_LAS,https://www.druckerzubehoer.de/shop/subcategory/vcatid/DV-TinteToner/catid/D-RS_COMPUTER_LAS/lng/de_DE/site/1/lng/de_DE
394,Safir,D-SAFIR_KOP,https://www.druckerzubehoer.de/shop/subcategory/vcatid/DV-TinteToner/catid/D-SAFIR_KOP/lng/de_DE/site/1/lng/de_DE
395,Sagem,D-SAGEM_LAS,https://www.druckerzubehoer.de/shop/subcategory/vcatid/DV-TinteToner/catid/D-SAGEM_LAS/lng/de_DE/site/1/lng/de_DE
396,Samsung,D-SAMSUNG_LAS,https://www.druckerzubehoer.de/shop/subcategory/vcatid/DV-TinteToner/catid/D-SAMSUNG_LAS/lng/de_DE/site/1/lng/de_DE
397,Sanyo,D-Sanyo,https://www.druckerzubehoer.de/shop/subcategory/vcatid/DV-TinteToner/catid/D-Sanyo/lng/de_DE/site/1/lng/de_DE
398,Savin,D-Savin,https://www.druckerzubehoer.de/shop/subcategory/vcatid/DV-TinteToner/catid/D-Savin/lng/de_DE/site/1/lng/de_DE
399,Scan-Code,D-Scan-Code,https://www.druckerzubehoer.de/shop/subcategory/vcatid/DV-TinteToner/catid/D-Scan-Code/lng/de_DE/site/1/lng/de_DE
400,Schneider,D-Schneider,https://www.druckerzubehoer.de/shop/subcategory/vcatid/DV-TinteToner/catid/D-Schneider/lng/de_DE/site/1/lng/de_DE
401,Scriptomatic,D-Scriptomatic,https://www.druckerzubehoer.de/shop/subcategory/vcatid/DV-TinteToner/catid/D-Scriptomatic/lng/de_DE/site/1/lng/de_DE
402,Secap,D-Secap,https://www.druckerzubehoer.de/shop/subcategory/vcatid/DV-TinteToner/catid/D-Secap/lng/de_DE/site/1/lng/de_DE
403,Seiko Precision,D-SEIKO_PRECISION_LAS,https://www.druckerzubehoer.de/shop/subcategory/vcatid/DV-TinteToner/catid/D-SEIKO_PRECISION_LAS/lng/de_DE/site/1/lng/de_DE
404,Seiko-Precision,D-Seiko-Precision,https://www.druckerzubehoer.de/shop/subcategory/vcatid/DV-TinteToner/catid/D-Seiko-Precision/lng/de_DE/site/1/lng/de_DE
405,Seikosha,D-Seikosha,https://www.druckerzubehoer.de/shop/subcategory/vcatid/DV-TinteToner/catid/D-Seikosha/lng/de_DE/site/1/lng/de_DE
406,SEL,D-SEL_LAS,https://www.druckerzubehoer.de/shop/subcategory/vcatid/DV-TinteToner/catid/D-SEL_LAS/lng/de_DE/site/1/lng/de_DE
407,Selex,D-Selex,https://www.druckerzubehoer.de/shop/subcategory/vcatid/DV-TinteToner/catid/D-Selex/lng/de_DE/site/1/lng/de_DE
408,SET-Electronique,D-SET-Electronique,https://www.druckerzubehoer.de/shop/subcategory/vcatid/DV-TinteToner/catid/D-SET-Electronique/lng/de_DE/site/1/lng/de_DE
409,Sharp,D-Sharp,https://www.druckerzubehoer.de/shop/subcategory/vcatid/DV-TinteToner/catid/D-Sharp/lng/de_DE/site/1/lng/de_DE
410,Siemens-Nixdorf,D-SIEMENS-NIXDORF_LAS,https://www.druckerzubehoer.de/shop/subcategory/vcatid/DV-TinteToner/catid/D-SIEMENS-NIXDORF_LAS/lng/de_DE/site/1/lng/de_DE
411,Sigma,D-Sigma,https://www.druckerzubehoer.de/shop/subcategory/vcatid/DV-TinteToner/catid/D-Sigma/lng/de_DE/site/1/lng/de_DE
412,Sigmex,D-Sigmex,https://www.druckerzubehoer.de/shop/subcategory/vcatid/DV-TinteToner/catid/D-Sigmex/lng/de_DE/site/1/lng/de_DE
413,Signal Corp,D-SIGNAL_CORP_LAS,https://www.druckerzubehoer.de/shop/subcategory/vcatid/DV-TinteToner/catid/D-SIGNAL_CORP_LAS/lng/de_DE/site/1/lng/de_DE
414,Sihl,D-SIHL_KOP,https://www.druckerzubehoer.de/shop/subcategory/vcatid/DV-TinteToner/catid/D-SIHL_KOP/lng/de_DE/site/1/lng/de_DE
415,Sindoricoh,D-Sindoricoh,https://www.druckerzubehoer.de/shop/subcategory/vcatid/DV-TinteToner/catid/D-Sindoricoh/lng/de_DE/site/1/lng/de_DE
416,Sirius,D-SIRIUS_KOP,https://www.druckerzubehoer.de/shop/subcategory/vcatid/DV-TinteToner/catid/D-SIRIUS_KOP/lng/de_DE/site/1/lng/de_DE
417,SKS,D-SKS,https://www.druckerzubehoer.de/shop/subcategory/vcatid/DV-TinteToner/catid/D-SKS/lng/de_DE/site/1/lng/de_DE
418,Smith Corona,D-SMITH_CORONA_LAS,https://www.druckerzubehoer.de/shop/subcategory/vcatid/DV-TinteToner/catid/D-SMITH_CORONA_LAS/lng/de_DE/site/1/lng/de_DE
419,Smith-Corona,D-Smith-Corona,https://www.druckerzubehoer.de/shop/subcategory/vcatid/DV-TinteToner/catid/D-Smith-Corona/lng/de_DE/site/1/lng/de_DE
420,Sony,D-SONY_LAS,https://www.druckerzubehoer.de/shop/subcategory/vcatid/DV-TinteToner/catid/D-SONY_LAS/lng/de_DE/site/1/lng/de_DE
421,Source Technologies,D-SOURCE_TECHNOLOGIES_LAS,https://www.druckerzubehoer.de/shop/subcategory/vcatid/DV-TinteToner/catid/D-SOURCE_TECHNOLOGIES_LAS/lng/de_DE/site/1/lng/de_DE
422,SRS Imaging,D-SRS_IMAGING_LAS,https://www.druckerzubehoer.de/shop/subcategory/vcatid/DV-TinteToner/catid/D-SRS_IMAGING_LAS/lng/de_DE/site/1/lng/de_DE
423,Star,D-Star,https://www.druckerzubehoer.de/shop/subcategory/vcatid/DV-TinteToner/catid/D-Star/lng/de_DE/site/1/lng/de_DE
424,Star Micronics,D-STAR_MICRONICS_LAS,https://www.druckerzubehoer.de/shop/subcategory/vcatid/DV-TinteToner/catid/D-STAR_MICRONICS_LAS/lng/de_DE/site/1/lng/de_DE
425,Stielow,D-Stielow,https://www.druckerzubehoer.de/shop/subcategory/vcatid/DV-TinteToner/catid/D-Stielow/lng/de_DE/site/1/lng/de_DE
426,Stroeher &amp Erdmann,D-STROEHER_ERDMANN_LAS,https://www.druckerzubehoer.de/shop/subcategory/vcatid/DV-TinteToner/catid/D-STROEHER_ERDMANN_LAS/lng/de_DE/site/1/lng/de_DE
427,Summagraphics,D-Summagraphics,https://www.druckerzubehoer.de/shop/subcategory/vcatid/DV-TinteToner/catid/D-Summagraphics/lng/de_DE/site/1/lng/de_DE
428,Summit,D-SUMMIT_LAS,https://www.druckerzubehoer.de/shop/subcategory/vcatid/DV-TinteToner/catid/D-SUMMIT_LAS/lng/de_DE/site/1/lng/de_DE
429,SUN Microsystems,D-SUN_MICROSYSTEMS_LAS,https://www.druckerzubehoer.de/shop/subcategory/vcatid/DV-TinteToner/catid/D-SUN_MICROSYSTEMS_LAS/lng/de_DE/site/1/lng/de_DE
430,Sun-Microsystems,D-Sun-Microsystems,https://www.druckerzubehoer.de/shop/subcategory/vcatid/DV-TinteToner/catid/D-Sun-Microsystems/lng/de_DE/site/1/lng/de_DE
431,Swisscom,D-SWISSCOM_LAS,https://www.druckerzubehoer.de/shop/subcategory/vcatid/DV-TinteToner/catid/D-SWISSCOM_LAS/lng/de_DE/site/1/lng/de_DE
432,Symbolics,D-SYMBOLICS_LAS,https://www.druckerzubehoer.de/shop/subcategory/vcatid/DV-TinteToner/catid/D-SYMBOLICS_LAS/lng/de_DE/site/1/lng/de_DE
433,Syntrex,D-SYNTREX_LAS,https://www.druckerzubehoer.de/shop/subcategory/vcatid/DV-TinteToner/catid/D-SYNTREX_LAS/lng/de_DE/site/1/lng/de_DE
434,TAB,D-TAB_LAS,https://www.druckerzubehoer.de/shop/subcategory/vcatid/DV-TinteToner/catid/D-TAB_LAS/lng/de_DE/site/1/lng/de_DE
435,Takaoka,D-TAKAOKA_LAS,https://www.druckerzubehoer.de/shop/subcategory/vcatid/DV-TinteToner/catid/D-TAKAOKA_LAS/lng/de_DE/site/1/lng/de_DE
436,Talaris,D-TALARIS_LAS,https://www.druckerzubehoer.de/shop/subcategory/vcatid/DV-TinteToner/catid/D-TALARIS_LAS/lng/de_DE/site/1/lng/de_DE
437,TallyGenicom,D-TALLY_GENICOM_LAS,https://www.druckerzubehoer.de/shop/subcategory/vcatid/DV-TinteToner/catid/D-TALLY_GENICOM_LAS/lng/de_DE/site/1/lng/de_DE
438,Tandberg Data,D-TANDBERG_DATA_LAS,https://www.druckerzubehoer.de/shop/subcategory/vcatid/DV-TinteToner/catid/D-TANDBERG_DATA_LAS/lng/de_DE/site/1/lng/de_DE
439,Tandberg-Data,D-Tandberg-Data,https://www.druckerzubehoer.de/shop/subcategory/vcatid/DV-TinteToner/catid/D-Tandberg-Data/lng/de_DE/site/1/lng/de_DE
440,Tandem,D-TANDEM_LAS,https://www.druckerzubehoer.de/shop/subcategory/vcatid/DV-TinteToner/catid/D-TANDEM_LAS/lng/de_DE/site/1/lng/de_DE
441,Tandon,D-TANDON_LAS,https://www.druckerzubehoer.de/shop/subcategory/vcatid/DV-TinteToner/catid/D-TANDON_LAS/lng/de_DE/site/1/lng/de_DE
442,TDS,D-TDS,https://www.druckerzubehoer.de/shop/subcategory/vcatid/DV-TinteToner/catid/D-TDS/lng/de_DE/site/1/lng/de_DE
443,Teac,D-Teac,https://www.druckerzubehoer.de/shop/subcategory/vcatid/DV-TinteToner/catid/D-Teac/lng/de_DE/site/1/lng/de_DE
444,TEC,D-TEC_KOP,https://www.druckerzubehoer.de/shop/subcategory/vcatid/DV-TinteToner/catid/D-TEC_KOP/lng/de_DE/site/1/lng/de_DE
445,Technifax,D-Technifax,https://www.druckerzubehoer.de/shop/subcategory/vcatid/DV-TinteToner/catid/D-Technifax/lng/de_DE/site/1/lng/de_DE
446,Teco,D-TECO_KOP,https://www.druckerzubehoer.de/shop/subcategory/vcatid/DV-TinteToner/catid/D-TECO_KOP/lng/de_DE/site/1/lng/de_DE
447,Tegra,D-TEGRA_LAS,https://www.druckerzubehoer.de/shop/subcategory/vcatid/DV-TinteToner/catid/D-TEGRA_LAS/lng/de_DE/site/1/lng/de_DE
448,Teleautograph,D-TELEAUTOGRAPH_LAS,https://www.druckerzubehoer.de/shop/subcategory/vcatid/DV-TinteToner/catid/D-TELEAUTOGRAPH_LAS/lng/de_DE/site/1/lng/de_DE
449,Telecom Italia,D-TELECOM_ITALIA_LAS,https://www.druckerzubehoer.de/shop/subcategory/vcatid/DV-TinteToner/catid/D-TELECOM_ITALIA_LAS/lng/de_DE/site/1/lng/de_DE
450,Telecom-Italia,D-Telecom-Italia,https://www.druckerzubehoer.de/shop/subcategory/vcatid/DV-TinteToner/catid/D-Telecom-Italia/lng/de_DE/site/1/lng/de_DE
451,Telefile,D-TELEFILE_LAS,https://www.druckerzubehoer.de/shop/subcategory/vcatid/DV-TinteToner/catid/D-TELEFILE_LAS/lng/de_DE/site/1/lng/de_DE
452,Telekom,D-TELEKOM_LAS,https://www.druckerzubehoer.de/shop/subcategory/vcatid/DV-TinteToner/catid/D-TELEKOM_LAS/lng/de_DE/site/1/lng/de_DE
453,Telenorma,D-TELENORMA_LAS,https://www.druckerzubehoer.de/shop/subcategory/vcatid/DV-TinteToner/catid/D-TELENORMA_LAS/lng/de_DE/site/1/lng/de_DE
454,Telesystems,D-TELESYSTEMS_KOP,https://www.druckerzubehoer.de/shop/subcategory/vcatid/DV-TinteToner/catid/D-TELESYSTEMS_KOP/lng/de_DE/site/1/lng/de_DE
455,Telex,D-Telex,https://www.druckerzubehoer.de/shop/subcategory/vcatid/DV-TinteToner/catid/D-Telex/lng/de_DE/site/1/lng/de_DE
456,Telscan Systems,D-TELSCAN_SYSTEMS_LAS,https://www.druckerzubehoer.de/shop/subcategory/vcatid/DV-TinteToner/catid/D-TELSCAN_SYSTEMS_LAS/lng/de_DE/site/1/lng/de_DE
457,Tenovis,D-TENOVIS_LAS,https://www.druckerzubehoer.de/shop/subcategory/vcatid/DV-TinteToner/catid/D-TENOVIS_LAS/lng/de_DE/site/1/lng/de_DE
458,Texas Instruments,D-TEXAS_INSTRUMENTS_LAS,https://www.druckerzubehoer.de/shop/subcategory/vcatid/DV-TinteToner/catid/D-TEXAS_INSTRUMENTS_LAS/lng/de_DE/site/1/lng/de_DE
459,Texas-Instruments,D-Texas-Instruments,https://www.druckerzubehoer.de/shop/subcategory/vcatid/DV-TinteToner/catid/D-Texas-Instruments/lng/de_DE/site/1/lng/de_DE
460,Texet,D-TEXET_LAS,https://www.druckerzubehoer.de/shop/subcategory/vcatid/DV-TinteToner/catid/D-TEXET_LAS/lng/de_DE/site/1/lng/de_DE
461,Tidemark,D-Tidemark,https://www.druckerzubehoer.de/shop/subcategory/vcatid/DV-TinteToner/catid/D-Tidemark/lng/de_DE/site/1/lng/de_DE
462,Tokheim,D-Tokheim,https://www.druckerzubehoer.de/shop/subcategory/vcatid/DV-TinteToner/catid/D-Tokheim/lng/de_DE/site/1/lng/de_DE
463,Toshiba,D-TOSHIBA_KOP,https://www.druckerzubehoer.de/shop/subcategory/vcatid/DV-TinteToner/catid/D-TOSHIBA_KOP/lng/de_DE/site/1/lng/de_DE
464,Totale,D-TOTALE_LAS,https://www.druckerzubehoer.de/shop/subcategory/vcatid/DV-TinteToner/catid/D-TOTALE_LAS/lng/de_DE/site/1/lng/de_DE
465,Triumph-Adler,D-TRIUMPH-ADLER_LAS,https://www.druckerzubehoer.de/shop/subcategory/vcatid/DV-TinteToner/catid/D-TRIUMPH-ADLER_LAS/lng/de_DE/site/1/lng/de_DE
466,Troy,D-TROY_LAS,https://www.druckerzubehoer.de/shop/subcategory/vcatid/DV-TinteToner/catid/D-TROY_LAS/lng/de_DE/site/1/lng/de_DE
467,True Tech,D-TRUE_TECH_LAS,https://www.druckerzubehoer.de/shop/subcategory/vcatid/DV-TinteToner/catid/D-TRUE_TECH_LAS/lng/de_DE/site/1/lng/de_DE
468,Umax,D-UMAX_LAS,https://www.druckerzubehoer.de/shop/subcategory/vcatid/DV-TinteToner/catid/D-UMAX_LAS/lng/de_DE/site/1/lng/de_DE
469,Underwood,D-Underwood,https://www.druckerzubehoer.de/shop/subcategory/vcatid/DV-TinteToner/catid/D-Underwood/lng/de_DE/site/1/lng/de_DE
470,Unisys,D-UNISYS_LAS,https://www.druckerzubehoer.de/shop/subcategory/vcatid/DV-TinteToner/catid/D-UNISYS_LAS/lng/de_DE/site/1/lng/de_DE
471,Utax,D-Utax,https://www.druckerzubehoer.de/shop/subcategory/vcatid/DV-TinteToner/catid/D-Utax/lng/de_DE/site/1/lng/de_DE
472,Varityper,D-VARITYPER_LAS,https://www.druckerzubehoer.de/shop/subcategory/vcatid/DV-TinteToner/catid/D-VARITYPER_LAS/lng/de_DE/site/1/lng/de_DE
473,Verity-Systems,D-Verity-Systems,https://www.druckerzubehoer.de/shop/subcategory/vcatid/DV-TinteToner/catid/D-Verity-Systems/lng/de_DE/site/1/lng/de_DE
474,Victor,D-Victor,https://www.druckerzubehoer.de/shop/subcategory/vcatid/DV-TinteToner/catid/D-Victor/lng/de_DE/site/1/lng/de_DE
475,Victory,D-Victory,https://www.druckerzubehoer.de/shop/subcategory/vcatid/DV-TinteToner/catid/D-Victory/lng/de_DE/site/1/lng/de_DE
476,View Tech,D-VIEW_TECH_LAS,https://www.druckerzubehoer.de/shop/subcategory/vcatid/DV-TinteToner/catid/D-VIEW_TECH_LAS/lng/de_DE/site/1/lng/de_DE
477,Visa,D-VISA_LAS,https://www.druckerzubehoer.de/shop/subcategory/vcatid/DV-TinteToner/catid/D-VISA_LAS/lng/de_DE/site/1/lng/de_DE
478,Vobis,D-Vobis,https://www.druckerzubehoer.de/shop/subcategory/vcatid/DV-TinteToner/catid/D-Vobis/lng/de_DE/site/1/lng/de_DE
479,Vollemann,D-VOLLEMANN_LAS,https://www.druckerzubehoer.de/shop/subcategory/vcatid/DV-TinteToner/catid/D-VOLLEMANN_LAS/lng/de_DE/site/1/lng/de_DE
480,Walther,D-WALTHER_KOP,https://www.druckerzubehoer.de/shop/subcategory/vcatid/DV-TinteToner/catid/D-WALTHER_KOP/lng/de_DE/site/1/lng/de_DE
481,Wang,D-WANG_LAS,https://www.druckerzubehoer.de/shop/subcategory/vcatid/DV-TinteToner/catid/D-WANG_LAS/lng/de_DE/site/1/lng/de_DE
482,WDV,D-WDV_LAS,https://www.druckerzubehoer.de/shop/subcategory/vcatid/DV-TinteToner/catid/D-WDV_LAS/lng/de_DE/site/1/lng/de_DE
483,Welco,D-Welco,https://www.druckerzubehoer.de/shop/subcategory/vcatid/DV-TinteToner/catid/D-Welco/lng/de_DE/site/1/lng/de_DE
484,Westrex,D-Westrex,https://www.druckerzubehoer.de/shop/subcategory/vcatid/DV-TinteToner/catid/D-Westrex/lng/de_DE/site/1/lng/de_DE
485,Westward,D-Westward,https://www.druckerzubehoer.de/shop/subcategory/vcatid/DV-TinteToner/catid/D-Westward/lng/de_DE/site/1/lng/de_DE
486,Wincor-Nixdorf,D-WINCOR-NIXDORF_LAS,https://www.druckerzubehoer.de/shop/subcategory/vcatid/DV-TinteToner/catid/D-WINCOR-NIXDORF_LAS/lng/de_DE/site/1/lng/de_DE
487,Wordplex,D-WORDPLEX_LAS,https://www.druckerzubehoer.de/shop/subcategory/vcatid/DV-TinteToner/catid/D-WORDPLEX_LAS/lng/de_DE/site/1/lng/de_DE
488,Xante,D-XANTE_LAS,https://www.druckerzubehoer.de/shop/subcategory/vcatid/DV-TinteToner/catid/D-XANTE_LAS/lng/de_DE/site/1/lng/de_DE
489,Xerox,D-XEROX_LAS,https://www.druckerzubehoer.de/shop/subcategory/vcatid/DV-TinteToner/catid/D-XEROX_LAS/lng/de_DE/site/1/lng/de_DE
490,Xitron,D-XITRON_LAS,https://www.druckerzubehoer.de/shop/subcategory/vcatid/DV-TinteToner/catid/D-XITRON_LAS/lng/de_DE/site/1/lng/de_DE
491,XLI,D-XLI_LAS,https://www.druckerzubehoer.de/shop/subcategory/vcatid/DV-TinteToner/catid/D-XLI_LAS/lng/de_DE/site/1/lng/de_DE
492,Xpoint,D-XPOINT_LAS,https://www.druckerzubehoer.de/shop/subcategory/vcatid/DV-TinteToner/catid/D-XPOINT_LAS/lng/de_DE/site/1/lng/de_DE
493,Xylostome,D-XYLOSTOME_LAS,https://www.druckerzubehoer.de/shop/subcategory/vcatid/DV-TinteToner/catid/D-XYLOSTOME_LAS/lng/de_DE/site/1/lng/de_DE
494,Xyron,D-Xyron,https://www.druckerzubehoer.de/shop/subcategory/vcatid/DV-TinteToner/catid/D-Xyron/lng/de_DE/site/1/lng/de_DE
495,Xyvision,D-XYVISION_LAS,https://www.druckerzubehoer.de/shop/subcategory/vcatid/DV-TinteToner/catid/D-XYVISION_LAS/lng/de_DE/site/1/lng/de_DE
496,Zygal,D-ZYGAL_LAS,https://www.druckerzubehoer.de/shop/subcategory/vcatid/DV-TinteToner/catid/D-ZYGAL_LAS/lng/de_DE/site/1/lng/de_DE
